"state_sentiment","follower_sentiment","minus_sentiment","comment_variance","frequency","topword_sentiment","num_nodes","num_edges","density","avg_degree_centrality","avg_betweenness_centrality","avg_closeness_centrality","y_var_logi","resilience_loss","u0","v0"
0.407679974650651,1.34739256134593,-0.981493682040394,-0.87665424607046,-0.296270789788097,3.61111380058738,-0.291515295294283,-0.292992753083442,3.96695646211921,3.96695646211921,-1.44368449777299,3.62060761958532,"1",0.182232303399054,0.453102818935782,-0.135535393035924
-3.49260927976192,-0.105829471163787,2.06043675801288,0.468837495502365,-0.308022091170959,-0.13322116511702,-0.271115606403379,-0.275337768547017,0.895710359417376,0.895710359417376,1.88246101344739,0.462043192332946,"0",0.0565245249041007,-0.0452712353769915,-0.386950950386512
0.258775985544795,1.72811519118958,-1.5184648631454,-1.96041845861416,-0.304664576490141,4.21627354259155,-0.284715398997315,-0.287107758237967,2.26070862728486,2.26070862728486,1.88246101344739,2.15248338381064,"1",0.0785261729082841,0.534522105004613,0.342947654516657
-3.68707930148034,1.13447429795367,3.32233168235618,-1.5636725185231,-0.313058363192186,3.48677023672641,-0.257515813809444,-0.257682784010593,0.554460792450505,0.554460792450505,0.171871893391193,0.80685648419205,"1",-0.246822625042262,0.44001775841999,-0.993645250046313
0.407679967306456,-0.707094915056911,0.568490816921338,0.268303257614538,-0.314737120532595,-1.84357703850174,-0.250715917512476,-0.257682784010593,0.127898833741916,0.127898833741916,0.872738268969772,-0.0836346180688803,"0",0.217503833618258,-0.271963947244196,-0.0649923330918026
0.407678401798451,0.943305472566269,-0.676637450814962,0.292247223777812,-0.247586826916237,-0.13322116511702,-0.216716436027636,-0.228257809783219,-0.36428804169107,-0.36428804169107,-0.048098968589616,-0.256397192832385,"1",0.145624078825144,-0.0405729983954867,0.208751842713143
0.407679974712895,-0.0440646351890093,0.0682752397580153,-2.12560564640641,-0.341597237979139,-0.430052024894313,-0.257515813809444,-0.263567778856068,0.310711101759883,0.310711101759883,1.1221991823113,0.0256098967890205,"0",0.211913706126271,-0.0837447761381872,-0.0761725876319177
0.358026741891214,-2.05551520759276,1.50251345418757,-0.558574767641004,-0.279483216384007,-0.13322116511702,-0.230316228621572,-0.240027799474169,-0.221106405201474,-0.221106405201474,0.310101317234117,-0.311153016384618,"0",0.0497801325009723,-0.0417475576408629,-0.400439735101332
0.406420174443899,-2.24699070452278,1.72813462824352,1.65914653228574,-0.334882208617503,4.68875802071583,-0.243916021215508,-0.251797789165118,-0.0142884858276131,-0.0142884858276131,0.615357961553909,-0.136063219014585,"0",0.0997638633251085,0.601156174477907,-0.300472273469853
0.407679974712899,0.229885438152776,-0.13840325082448,-1.01633873788127,-0.284519488405234,-0.13322116511702,-0.23711612491854,-0.245912794319644,-0.128038341483237,-0.128038341483237,0.274824016357537,-0.0705447098443339,"1",0.249293340781865,-0.042334837263551,-0.00141331819573626
0.407666837339648,-2.1887241548919,1.68626698102785,1.28738889734859,-0.341597237979139,-0.13322116511702,-0.284715398997315,-0.287107758237967,2.26070862728486,2.26070862728486,1.88246101344739,2.15248338381064,"0",0.10144885291514,-0.0464457946223677,-0.297102294071838
0.407679974712703,0.724007484370135,-0.511187960936308,0.245824831401875,-0.202260378725195,-0.13322116511702,-0.230316228621572,-0.240027799474169,-0.221106405201474,-0.221106405201474,-0.375286242653718,0.518537953361694,"1",0.180712116271329,-0.0417475576408629,0.138575767365552
0.39730047686602,2.33802363203767,-1.74627225628428,-2.61782373224069,-0.292913275107279,-0.13322116511702,-0.284715398997315,-0.287107758237967,2.26070862728486,2.26070862728486,1.88246101344739,2.15248338381064,"1",0.0692487865285643,-0.0464457946223677,0.361502427058928
0.182853217538983,-0.856190421106107,0.303898426252257,0.355031894727411,-0.296270789788097,-0.13322116511702,-0.257515813809444,-0.263567778856068,0.310711101759883,0.310711101759883,1.31226464009532,-0.0746416624310026,"0",0.227965717404493,-0.0440966761316153,0.0440685653907849
0.407679939146564,1.1976140267987,-0.868495044181345,-1.32259442545962,-0.329845936596276,-0.13322116511702,-0.277915502700347,-0.281222763392492,1.40758470986768,1.40758470986768,1.05092463564229,1.63863990128951,"1",0.162344812855521,-0.0458585149996796,0.175310374610892
0.407677086388465,-1.49606456625445,1.16371508883295,-2.32987285286797,-0.331524693936685,2.39876405294287,-0.271115606403379,-0.275337768547017,0.895710359417376,0.895710359417376,1.21723191120331,0.86053405632893,"0",0.0538378877487428,0.292929459847623,-0.392324224692553
-0.152217861140967,0.0755171395886126,-0.960993444882051,0.106200299838934,-0.244229312235419,-1.90792635015261,-0.250715917512476,-0.257682784010593,0.127898833741916,0.127898833741916,1.28850645787232,-0.386495674507064,"1",0.0643447768873675,-0.280559171964436,0.371310445867769
0.407677581461294,-1.10476622093746,0.868505370789929,0.914470338959667,-0.281161973724416,-0.13322116511702,-0.243916021215508,-0.251797789165118,-0.0142884858276131,-0.0142884858276131,0.536164020810567,-0.0818780164295617,"0",0.188327458944033,-0.0429221168862391,-0.123345082378925
0.407428705739416,-0.575097806263993,0.468485700387369,0.440147925662948,-0.27444694436278,-0.13322116511702,-0.169117161948861,-0.181177851019422,-0.612971936646684,-0.612971936646685,-0.285368911848001,-0.760647440510913,"0",0.19682738079033,-0.0358747614139819,-0.106345238934795
0.407679974712899,0.339827042147075,-0.221347432910578,-0.405517590124089,-0.114964997023929,-0.13322116511702,-0.0603188211973752,-0.0517079644189771,-0.810537475416978,-0.810537475416978,-0.794294183677585,-0.838497251964357,"1",0.244201370113278,-0.0229546097148437,-0.0115972600730236
0.407679798309107,0.122325483026659,-0.0572561722706812,0.165969062648225,-0.0360634020247077,-0.13322116511702,-0.203116643433701,-0.210602825246795,-0.420537970311983,-0.420537970311983,-0.537218468341504,0.164754888798315,"1",0.241181744940095,-0.0388111595274224,0.01763651025317
0.40767997471285,0.270196960271434,-0.168815816307517,0.432271711644224,-0.0578872474500242,-0.13322116511702,-0.0467190286034395,-0.0575929592644519,-0.853254348664609,-0.853254348664609,-0.845956119986115,-0.837734363567462,"1",0.23456734606357,-0.0235418893375318,0.0308653078011217
0.12924641243103,-0.980679875121011,0.307909601217256,0.833658547611202,-0.224084224150511,-2.15194007227347,-0.264315710106412,-0.269452773701543,0.554460792450505,0.554460792450505,1.88246101344739,-0.0274586632487219,"0",0.189056951891533,-0.314326974597249,0.121886095879646
0.407150567281806,-0.195899942051114,0.181937731872394,0.458808521725094,-0.0478147034075704,-0.13322116511702,-0.189516850839765,-0.198832835555846,-0.511944104320966,-0.511944104320966,-0.3773613779994,-0.328183495156962,"0",0.242373214569403,-0.0376366002820462,-0.0152535704240003
0.407586582603111,-0.0429683628008419,0.0672915338945454,0.0648634839918203,-0.257659370958691,-0.13322116511702,-0.223516332324604,-0.234142804628694,-0.298663124966672,-0.298663124966672,0.355457846932577,-0.500124103543605,"0",0.236084750554361,-0.0411602780181748,0.0278304994134514
0.406845717261211,0.498126234360313,-0.342173645851786,-1.36672411222516,-0.309700848511368,-0.13322116511702,-0.264315710106412,-0.263567778856068,0.895710359417376,0.895710359417376,0.385695533398217,1.00789464317625,"1",0.246041157700327,-0.0440966761316153,-0.007917684586004
0.407679974712899,-0.049209161898006,0.0721564689250991,-0.497782705744833,-0.195545349363559,-0.13322116511702,-0.148717473057958,-0.151752876792048,-0.645982348262993,-0.645982348262993,-0.664265871484761,-0.371165337243122,"0",0.207208135230134,-0.0329383633005414,-0.0855837294209345
0.407679967782739,2.27796124406861,-1.68355056247087,-2.63839794792419,-0.338239723298321,-1.90792635015261,-0.284715398997315,-0.287107758237967,2.26070862728486,2.26070862728486,1.88246101344739,2.15248338381064,"1",0.0803041369793232,-0.283495570077876,0.339391726417442
0.359933173331755,0.61802269266403,-0.51130911281367,-0.205408269062413,-0.067959791492478,-0.13322116511702,0.00088024547533565,-0.0281679850370782,-0.913946435103909,-0.913946435103909,-1.09138029034775,-1.57373753495353,"1",0.228270345876188,-0.0206054912240913,0.0434593078455134
0.390230734337336,0.0392539616486169,-0.0238491034263068,-0.328414392711645,-0.264374400320326,-0.13322116511702,-0.277915502700347,-0.281222763392492,1.40758470986768,1.40758470986768,1.88246101344739,1.14314797171555,"1",0.202303456583928,-0.0458585149996796,0.0953930867117326
0.407624206459327,-0.0767521446966617,0.0928424227631465,1.02378382841252,-0.2593381282991,-0.13322116511702,-0.23711612491854,-0.240027799474169,-0.0142884858276131,-0.0142884858276128,0.247106137097367,-0.0422308852972501,"0",0.218458246174472,-0.0417475576408629,0.0630835073484538
0.407675850896992,0.698167423205902,-0.491700139577449,0.0151513810429437,-0.14518262915129,-0.13322116511702,-0.182716954542797,-0.169407861328472,-0.415758564612167,-0.415758564612167,-0.538777263102742,-0.195225846391256,"1",0.197555279413267,-0.0347002021686057,0.104889441566017
0.406682217624143,0.202102792336339,-0.119116374396444,-0.670250915658537,-0.329845936596276,-0.13322116511702,-0.264315710106412,-0.269452773701543,0.554460792450505,0.554460792450505,1.21723191120331,0.37147219802072,"1",0.21551275503397,-0.0446839557543034,0.068974490083987
0.407679966302539,-0.044888977288916,0.0688971410942447,0.583714361873002,-0.24255055489501,-0.13322116511702,-0.209916539730669,-0.210602825246795,-0.308038113070157,-0.308038113070157,-0.246637624229394,-0.173415186958199,"0",0.245624779362949,-0.0388111595274224,0.00875044163120629
0.406805565201661,1.0590731191767,-0.765440931337236,0.351442696252782,-0.0410996740459346,-0.13322116511702,-0.189516850839765,-0.187062845864896,-0.436668464548862,-0.436668464548862,-0.455623625322232,-0.201425049774354,"1",0.140644687589298,-0.03646204103667,0.218710624848885
0.407620404805873,0.181001650664528,-0.101623347742369,0.278402013925757,-0.267731915001144,-0.13322116511702,-0.257515813809444,-0.263567778856068,0.310711101759883,0.310711101759883,0.742068266743257,0.330528007296069,"1",0.199950741437427,-0.0440966761316153,0.100098517213269
0.4073069275514,0.0783699324462223,-0.0247197841108498,1.23140268339026,-0.0864261222369765,-0.13322116511702,-0.216716436027636,-0.192947840710371,0.0294614586553192,0.0294614586553192,-0.39699535088546,0.188688948137906,"1",0.219882061106868,-0.0370493206593581,0.0602358780582776
0.403400912968441,0.143010857267267,-0.0800384928258389,0.321438038017246,0.583398056586199,-0.13322116511702,0.395274230699472,0.383781654146154,-1.03875177748334,-1.03875177748334,-1.26015979110756,-0.747712279083035,"1",0.246894937809795,0.0205040823640755,-0.00621012469734491
0.407679868357508,0.143690737760655,-0.0733748261578859,0.505621962446882,0.353408300950171,-0.13322116511702,0.286475889947986,0.236656783009285,-1.02727336718744,-1.02727336718744,-1.17070803848618,-1.10393585100181,"1",0.247343574376095,0.00582209179687307,-0.00531285135058011
0.407661611728642,0.06455955630816,-0.0137058336804668,0.471281627778725,0.470921314778799,-0.13322116511702,0.00768014177230353,0.0306819634176693,-0.874830872091896,-0.874830872091896,-1.0812704875254,-0.345997293006058,"1",0.238731515576819,-0.0147326949972104,0.0225369688109354
0.407679974712899,0.371758736048705,-0.245437933113137,0.0224432567211889,0.833532900307134,-0.13322116511702,0.558471741826701,0.730996350029164,-1.03982852303776,-1.03982852303776,-1.2218317146084,-1.16879048793153,"1",0.237951234718796,0.0551535801026733,0.0240975306424011
0.407679974364901,-0.375816461820111,0.318561599530838,0.46092451514643,2.58951307837491,-0.13322116511702,2.63924000869887,2.62596469027203,-1.12458646585342,-1.12458646585342,-1.37948823604414,-1.31888632648422,"0",0.185862858227791,0.244257618608241,-0.128274284047848
0.407679974711356,-0.0477288664705314,0.0710396770164731,0.314416296642094,13.0213111916762,-0.13322116511702,13.8794685875868,13.8427648657469,-1.14613081615885,-1.14613081615885,-1.42899708041164,-1.55613397459828,"0",0.201317871105353,1.36361257945176,-0.0973642583979817
0.406981419136449,0.741793576534709,-0.525778080264402,-1.19107658272047,-0.33991848063873,-0.13322116511702,-0.291515295294283,-0.292992753083442,3.96695646211921,3.96695646211921,-1.44368449777299,3.62060761958532,"1",0.109677200724557,-0.0470330742450558,-0.280645598824441
0.407674971639917,0.0368802955384857,0.0071988741486731,-0.491628403640256,-0.338239723298321,-4.01038449365576,-0.284715398997315,-0.287107758237967,2.26070862728486,2.26070862728486,1.88246101344739,2.15248338381064,"1",0.234134929368729,-0.564323752146907,0.0317301412611403
0.407679974712899,-0.221050649251713,0.201800308010355,0.712163051582397,-0.297949547128506,1.45582536033048,-0.277915502700347,-0.281222763392492,1.40758470986768,1.40758470986768,1.05092463564229,1.63863990128951,"0",0.23624829188834,0.16639258181454,0.0275034163058182
-0.954620276147708,-0.604118535829146,-1.79402644569481,-0.260486895002351,-0.338239723298321,-0.13322116511702,-0.284715398997315,-0.287107758237967,2.26070862728486,2.26070862728486,1.88246101344739,2.15248338381064,"0",-0.0117587704900332,-0.0464457946223677,0.523517541552806
0.388645512383241,0.195917744038675,-0.144701005691127,0.360925889836465,-0.334882208617503,-0.13322116511702,-0.277915502700347,-0.281222763392492,1.40758470986768,1.40758470986768,1.88246101344739,1.14314797171555,"1",0.16710357822485,-0.0458585149996796,0.165792843651207
-3.14528756140284,0.391215765355465,1.8529044721705,-2.02822333299196,-0.33991848063873,-1.93064263249253,-0.284715398997315,-0.287107758237967,2.26070862728486,2.26070862728486,1.88246101344739,2.15248338381064,"1",-0.0285077505502828,-0.286529814679891,-0.55701550097837
-1.39131153574878,-0.352581715601776,-1.6499852015144,-1.96746363994289,-0.343275995319548,-1.90792635015261,-0.284715398997315,-0.287107758237967,2.26070862728486,2.26070862728486,1.88246101344739,2.15248338381064,"0",0.0631269199624041,-0.283495570077876,0.373746160329359
0.407670827252788,0.0473957677592736,-0.0007413541531889,-0.722460249806952,-0.333203451277094,1.45582536033048,-0.264315710106412,-0.269452773701543,0.554460792450505,0.554460792450505,1.38353918676433,0.251786828566645,"1",0.225908358801557,0.167567141059916,0.0481832821705142
0.407483750874568,-0.277548116321524,0.244095070561344,0.381477719806564,-0.279483216384007,-0.13322116511702,-0.257515813809444,-0.263567778856068,0.310711101759883,0.310711101759883,-0.0181935643928295,1.0466235698505,"0",0.225869592704846,-0.0440966761316153,-0.0482608147798738
0.407679968350681,1.24121821718537,-0.901391676491007,-0.231711401592473,-0.279483216384007,3.23076878171852,-0.257515813809444,-0.263567778856068,0.310711101759883,0.310711101759883,0.742068266743257,0.330528007296069,"1",0.111266802590855,0.405236017690407,0.277466394498165
0.406471323967105,-1.95809335835753,1.51026512627919,0.433159228075998,-0.220726709469693,-0.13322116511702,-0.203116643433701,-0.21648782009227,-0.469287908450107,-0.469287908450108,-0.354463220472252,-0.130150399180272,"0",0.0596911837201889,-0.0393984391501105,-0.380617632851527
0.407679974712899,1.69156763484383,-1.24115261839453,-0.69136520477584,-0.294592032447688,4.68875802071583,-0.271115606403379,-0.275337768547017,0.895710359417376,0.895710359417376,0.552002808959235,1.35550165581868,"1",0.101222063525315,0.598807055987154,0.297555872563668
0.407587152012832,2.2930948044655,-1.69512357263472,-2.23065301291037,-0.240871797554601,-0.13322116511702,-0.284715398997315,-0.287107758237967,2.26070862728486,2.26070862728486,1.88246101344739,2.15248338381064,"1",0.0610144403539826,-0.0464457946223677,0.377971119428666
0.407679974712899,1.11899684441787,-0.80918315303423,-1.13998303465663,-0.287877003086052,-0.13322116511702,-0.23711612491854,-0.245912794319644,-0.128038341483237,-0.128038341483237,0.136234620056688,0.0784755691951123,"1",0.171670940780784,-0.042334837263551,0.156658118225381
0.406572113709304,1.65326937289052,-1.21411702049132,-2.63198911289285,-0.331524693936685,-1.61007244593497,-0.277915502700347,-0.281222763392492,1.40758470986768,1.40758470986768,1.88246101344739,1.14314797171555,"1",0.122899767600754,-0.243123541016975,0.254200464692314
0.393366997647252,-0.727217991684031,0.559666960263664,1.12926518846527,-0.308022091170959,-0.13322116511702,-0.264315710106412,-0.263567778856068,0.895710359417376,0.895710359417376,0.718310084520255,0.689125785165108,"0",0.221688362487709,-0.0440966761316153,-0.0566232752151832
-1.82297131469912,0.955138278093727,0.060581941224731,-1.08066357052074,-0.286198245745643,-0.13322116511702,-0.230316228621572,-0.240027799474169,-0.221106405201474,-0.221106405201474,0.390735147809156,-0.361074578362395,"1",0.226804430477785,-0.0417475576408629,-0.0463911393585683
0.405659121771782,-1.20908065532392,0.943818871394881,-1.75923856691481,-0.338239723298321,-1.14817037410275,-0.271115606403379,-0.275337768547017,0.895710359417376,0.895710359417376,0.552002808959235,1.35550165581868,"0",0.0728428340371571,-0.180839375999732,-0.354314331782814
0.406157454594314,-0.361885927160093,0.305498321930374,-0.279679187827855,-0.141825114470472,-0.13322116511702,-0.019519443415568,-0.0458229695735024,-0.89614712287905,-0.89614712287905,-0.890582426264307,-1.18730826783383,"0",0.170900337216732,-0.0223673300921556,-0.158199325283055
-0.998208857967296,0.713857017877385,-1.50472817861731,0.407525884127481,-0.281161973724416,-0.13322116511702,-0.209916539730669,-0.210602825246795,-0.308038113070157,-0.308038113070157,-0.255775386622856,-0.154439007316894,"1",0.0451868497206669,-0.0388111595274224,0.409626301134557
0.407679793336618,1.29632359978858,-0.942965593859391,-1.10328635771369,-0.214011680108058,-0.13322116511702,-0.230316228621572,-0.240027799474169,-0.221106405201474,-0.221106405201474,0.269784401946597,-0.251858706395655,"1",0.142814598303825,-0.0417475576408629,0.21437080326764
0.407679481264143,-0.310612510894458,0.26936839963389,0.0496662398628639,-0.313058363192186,-0.13322116511702,-0.243916021215508,-0.245912794319644,0.127898833741916,0.127898833741916,0.377776139323882,0.0457432406671914,"0",0.226769191394042,-0.042334837263551,-0.0464616174429977
-0.399564600139271,-1.15776226075756,-0.445405893626481,-0.684869948954829,-0.338239723298321,-0.13322116511702,-0.250715917512476,-0.257682784010593,0.127898833741916,0.127898833741916,1.34790191342983,-0.395306547540107,"0",0.159852824918803,-0.0435093965089272,0.180294350052626
0.189775254776104,0.643474363134833,-0.815896940033211,-1.24689301693867,-0.292913275107279,-0.13322116511702,-0.223516332324604,-0.234142804628694,-0.298663124966672,-0.298663124966672,0.219388257837197,-0.395619709062724,"1",0.169327634920086,-0.0411602780181748,0.161344730676015
0.407679974712899,-0.468569013435749,0.388537698794633,0.331826560019466,-0.178757775959469,-0.13322116511702,-0.128317784167054,-0.0987879231827751,-0.616287721912759,-0.616287721912759,-0.791248262879763,-0.299541634316804,"0",0.185701546719507,-0.0276528466963485,-0.128596906491383
0.407678476047604,-1.03002178341121,0.812116787614322,-0.0291049628190435,-0.318094635213413,-0.13322116511702,-0.243916021215508,-0.251797789165118,-0.0142884858276131,-0.0142884858276131,0.377776139323882,0.0674826163814145,"0",0.156852668632677,-0.0429221168862391,-0.186294663231784
0.407677779109439,0.481292240777906,-0.328077911820224,-0.187465932320016,-0.27444694436278,-0.13322116511702,-0.250715917512476,-0.257682784010593,0.127898833741916,0.127898833741916,0.575760991182238,0.143092606281257,"1",0.18945863154973,-0.0435093965089272,0.121082736443202
-1.23060119200534,-0.733671847302623,-2.15915716015691,0.123903943006482,-0.167006474576607,-0.13322116511702,-0.148717473057958,-0.157637871637523,-0.666214536027827,-0.666214536027827,-0.637972231079856,-0.465494897055122,"0",-0.0252307644076739,-0.0335256429232295,0.550461528820068
0.407679974712898,-0.562376203053271,0.459309457018428,-0.911463365961817,-0.328167179255867,-0.13322116511702,-0.271115606403379,-0.275337768547017,0.895710359417376,0.895710359417376,1.88246101344739,0.462043192332946,"0",0.222530570666315,-0.0452712353769915,-0.0549388583153781
-0.740068348813625,-1.29490318888604,-0.913028868394341,-0.504801172614556,-0.301307061809324,-0.13322116511702,-0.257515813809444,-0.263567778856068,0.310711101759883,0.310711101759883,-0.0181935643928295,1.0466235698505,"0",0.150869820307424,-0.0440966761316153,0.198260359079026
0.407679974712899,0.327807360248612,-0.212279321769914,1.05128971158408,-0.14518262915129,-0.13322116511702,-0.162317265651893,-0.169407861328472,-0.61553772286448,-0.615537722864481,-0.56838304745184,-0.401147269390653,"1",0.198351069223216,-0.0347002021686057,0.103297861779149
-1.28829099422484,0.497053672078353,-1.18177191320616,-0.0364659206073354,-0.262695642979917,-0.13322116511702,-0.216716436027636,-0.228257809783219,-0.36428804169107,-0.36428804169107,-0.548183783213659,-0.873365577909561,"1",0.119251467426928,-0.0405729983954867,0.261497065232372
0.407679973373613,-1.13714257045946,0.892935348001628,0.394498981905223,-0.257659370958691,-1.90792635015261,-0.257515813809444,-0.263567778856068,0.310711101759883,0.310711101759883,0.361937351175214,0.654397428938527,"0",0.156787906070052,-0.281146451587124,-0.186424187843512
0.40767967186119,0.454845676820103,-0.30812243049589,0.106589455911689,-0.294592032447688,-0.13322116511702,-0.264315710106412,-0.269452773701543,0.554460792450505,0.554460792450505,1.38353918676433,0.251786828566645,"1",0.156454620995119,-0.0446839557543034,0.187090757500131
0.403084971049875,-0.746909015283154,0.590821454828506,1.11324322054939,-0.292913275107279,-0.13322116511702,-0.23711612491854,-0.245912794319644,-0.128038341483237,-0.128038341483236,-0.0300726555043308,0.231528620767806,"0",0.209346456682458,-0.042334837263551,-0.0813070864604003
0.369941510337343,1.28303743855096,-0.996236039220981,0.0840391455499989,-0.318094635213413,2.60704368384119,-0.277915502700347,-0.275337768547017,2.26070862728486,2.26070862728486,0.219388257837197,1.96896785433881,"1",0.164021314608811,0.32074965226759,0.171957370703859
0.144433696188231,0.430912615504368,-0.731578295692989,0.287478095587066,-0.304664576490141,-0.13322116511702,-0.264315710106412,-0.275337768547017,0.213211225483634,0.213211225483634,-0.778455395528916,-0.893874405421807,"1",0.197881182359006,-0.0452712353769915,0.104237635353651
-0.41117855819802,-0.501828701303267,-0.959746186337561,2.34408655361689,-0.297949547128506,0.0753174668196328,-0.264315710106412,-0.263567778856068,0.895710359417376,0.895710359417376,0.884617360081273,0.594449982955903,"0",0.0298919080858977,-0.0162418885921338,0.440216184153817
0.407679897340804,0.35920843601031,-0.235969632970301,-0.876846652843668,-0.286198245745643,-0.376192116127545,-0.230316228621572,-0.240027799474169,-0.221106405201474,-0.221106405201474,0.0278829102214789,-0.0317428123282786,"1",0.242323389257291,-0.074201516678629,0.0153532209965101
0.407637589196238,-0.385386430969705,0.325710465267985,0.0923069516616273,-0.121680026385565,-0.13322116511702,0.00768014177230353,-0.00462800565517918,-0.904504747480319,-0.904504747480319,-0.927452691156706,-0.914905653796983,"0",0.180696921596835,-0.018256372733339,-0.138606156958092
0.407652769418887,-1.02140085812718,0.805569714675623,1.06071826551799,-0.175400261278651,-0.13322116511702,-0.189516850839765,-0.204717830401321,-0.549581924207018,-0.549581924207018,-0.299099130676567,-0.457335327712956,"0",0.177561225875491,-0.0382238799047343,-0.144877548221129
0.407679771045974,0.0552470187353707,-0.0066496400118847,0.330056688334139,-0.207296650746422,-1.90792635015261,-0.175917058245829,-0.187062845864896,-0.583037764105731,-0.583037764105731,-0.20109969378767,-0.75238169020392,"1",0.23730123125333,-0.273511816492179,0.0253975376945938
0.407679974712899,0.267038622833445,-0.166433044853968,1.05335758259828,0.0915221558463733,-0.13322116511702,-0.148717473057958,-0.116442907719199,-0.524589221673988,-0.524589221673988,-0.639850348251635,-0.443785580805903,"1",0.20075314819486,-0.0294146855644128,0.0984937038193109
-0.805089876267938,-0.592845632754989,-1.55174119214031,0.14507477639046,-0.2593381282991,-0.13322116511702,-0.121517887870086,-0.139982887101098,-0.758037542037459,-0.758037542037459,-0.684072463073774,-1.14169779053328,"0",0.0644947759525368,-0.0317638040551652,0.371010447954833
0.405918514782205,0.188338582171594,-0.110012993958444,0.641748044088276,-0.205617893406013,-0.13322116511702,-0.135117680464022,-0.157637871637523,-0.742287562023604,-0.742287562023604,-0.416917839961483,-0.940930554318792,"1",0.222027929922857,-0.0335256429232295,0.055944140434266
0.407649882286289,0.732100293416889,-0.517343958426269,0.20449221497633,0.690838526372372,-0.13322116511702,0.30687557883889,0.295506731464033,-1.0227001275387,-1.0227001275387,-1.13861795126806,-1.15081890767485,"1",0.188033691439577,0.011694888023754,0.123932617336236
0.407679974712899,0.0686771239658796,-0.0167814872707644,0.19002539559178,0.892289407221448,-0.13322116511702,0.72166925295393,0.71334136549274,-1.0740454191808,-1.0740454191808,-1.28808493008244,-1.15347845799017,"1",0.230852438331467,0.053391741234609,-0.0382951236363207
0.40767997470845,-0.24565087439851,0.220359665696462,0.306157016475482,0.407128535843258,-0.13322116511702,0.483672882560055,0.483826566519225,-1.0497191434185,-1.0497191434185,-1.18993893790178,-1.25456801036499,"0",0.194475246699544,0.0304878359497732,-0.111049506618619
0.407679974712898,1.84967051454162,-1.36043152251776,-2.37064943901181,-0.344954752659957,1.0037314666122,-0.284715398997315,-0.287107758237967,2.26070862728486,2.26070862728486,1.88246101344739,2.15248338381064,"1",0.114653181358244,0.105418508433442,0.270693637659899
0.407679876191318,-1.11442805854789,0.87579848203638,-0.772544221723892,-0.333203451277094,-0.13322116511702,-0.284715398997315,-0.287107758237967,2.26070862728486,2.26070862728486,1.88246101344739,2.15248338381064,"0",0.142001443755952,-0.0464457946223677,-0.215997112359469
0.395827023867978,-0.34586326089345,0.27608417396994,1.02329611960615,-0.316415877873004,4.68875802071583,-0.264315710106412,-0.263567778856068,0.895710359417376,0.895710359417376,0.385695533398217,1.00789464317625,"0",0.241752244488008,0.599981615232531,-0.0164955109039111
0.407646027893721,1.63246869500037,-1.1966230361593,-1.74929534072102,-0.324809664575049,-0.13322116511702,-0.257515813809444,-0.263567778856068,0.310711101759883,0.310711101759883,1.1221991823113,0.0582473416026518,"1",0.107412013639047,-0.0440966761316153,0.285175972647107
0.407225872186647,-2.52766342332046,1.94123624479137,0.860048714591397,-0.308022091170959,-1.90792635015261,-0.277915502700347,-0.281222763392492,1.40758470986768,1.40758470986768,1.88246101344739,1.14314797171555,"0",0.0743438026636746,-0.282908290455188,-0.351312394308314
0.407640230665991,1.19492441737194,-0.86653249762035,-1.70093605758175,-0.333203451277094,-0.13322116511702,-0.284715398997315,-0.287107758237967,2.26070862728486,2.26070862728486,1.88246101344739,2.15248338381064,"1",0.157661969133846,-0.0464457946223677,0.18467606214575
0.226945879706235,-2.41925357752978,1.55708499522153,0.815922718040469,-0.302985819149732,-0.13322116511702,-0.209916539730669,-0.222372814937745,-0.420537970311983,-0.420537970311983,-0.100433425933993,-0.352270518943802,"0",0.0714923750787731,-0.0399857187727986,-0.357015249944047
0.407679925164033,0.469139678980339,-0.318905951635812,-0.359917190914443,-0.313058363192186,-0.13322116511702,-0.257515813809444,-0.257682784010593,0.554460792450505,0.554460792450505,0.742068266743257,0.285868284039985,"1",0.202194394447022,-0.0435093965089272,0.0956112109210873
0.407679974712899,1.06236903871504,-0.766460954551519,-0.381200028811615,-0.178757775959469,-0.13322116511702,-0.209916539730669,-0.21648782009227,-0.36428804169107,-0.36428804169107,-0.191811049868619,-0.251523237084297,"1",0.159727796917021,-0.0393984391501105,0.180544406403215
0.407679974712895,1.20980784019671,-0.877694467183246,-1.63334906070551,-0.297949547128506,-0.13322116511702,-0.284715398997315,-0.287107758237967,2.26070862728486,2.26070862728486,1.88246101344739,2.15248338381064,"1",0.152362032640166,-0.0464457946223677,0.195275934933492
0.404905285689731,-1.46168578409215,1.13312959170052,1.63273625340753,-0.321452149894231,-0.13322116511702,-0.23711612491854,-0.245912794319644,-0.128038341483237,-0.128038341483236,0.302541895617707,-0.116280973952611,"0",0.166585211337969,-0.042334837263551,-0.16682957709527
0.407650537528943,0.281940339745107,-0.177724845821329,-0.0669201951214075,-0.269410672341553,-0.13322116511702,-0.230316228621572,-0.234142804628694,-0.128038341483237,-0.128038341483236,0.128675198440278,-0.122965087339526,"1",0.221678582709872,-0.0411602780181748,0.0566428350531007
0.407679974712899,-0.807719288785238,0.644405733925329,0.314104787169764,-0.252623098937464,-0.13322116511702,-0.23711612491854,-0.234142804628694,0.0994613698280105,0.0994613698280106,0.108516740796518,0.0657451995690962,"0",0.17624611042252,-0.0411602780181748,-0.147507779354152
0.124352830937681,-0.342375826913361,-0.181859002165658,0.211483947380084,-0.281161973724416,-0.13322116511702,-0.175917058245829,-0.187062845864896,-0.583037764105731,-0.583037764105731,-0.427648304459027,-0.46598521225907,"0",0.230113087023492,-0.03646204103667,0.0397738259846329
0.407505299512922,0.515139302354364,-0.35390271918255,0.297971975471689,-0.309700848511368,-0.13322116511702,-0.250715917512476,-0.257682784010593,0.127898833741916,0.127898833741916,0.397574624509717,0.310344097282441,"1",0.179180845547397,-0.0435093965089272,0.141638308322869
0.367107536338567,0.39537015200601,-0.331298731882232,-0.755266516127216,-0.13007381308761,-0.13322116511702,-0.0807185100882789,-0.0752479438008761,-0.783392623499159,-0.783392623499159,-0.791989198745392,-0.737056440845346,"1",0.247593926327404,-0.0253037282055961,-0.00481214687206227
0.407679974712899,0.539828465389511,-0.372236212628214,0.169877472716081,-0.0327058873438898,-0.13322116511702,-0.209916539730669,-0.210602825246795,-0.308038113070157,-0.308038113070157,-0.365428535344407,0.0203787356214601,"1",0.195312725313802,-0.0388111595274224,0.109374549621674
0.326979885294424,-1.44925574742756,0.993056673080648,0.551162382971131,-0.172042746597834,-0.13322116511702,-0.114717991573118,-0.10467291802825,-0.704912609451042,-0.704912609451042,-0.696418595374274,-0.671854757108658,"0",0.117070495517675,-0.0282401263190366,-0.265859008757355
0.407679974712899,0.502474682531108,-0.344055079604426,0.56244807259835,0.0445169503149224,-0.13322116511702,-0.0399191323064716,-0.0517079644189771,-0.861655831602299,-0.861655831602299,-0.863183120117175,-0.806621028949971,"1",0.203046039175792,-0.0229546097148437,0.0939079219556676
0.3383472091449,-0.838167764254754,0.551093444990631,1.23675605473946,-0.286198245745643,-0.13322116511702,-0.243916021215508,-0.251797789165118,-0.0142884858276131,-0.0142884858276131,0.615357961553909,-0.153529289431428,"0",0.243874494626785,-0.0429221168862391,-0.0122510107109973
0.407679974691307,-0.690845130268018,0.556231365560684,-0.552456776066169,-0.338239723298321,1.1671058011348,-0.271115606403379,-0.275337768547017,0.895710359417376,0.895710359417376,1.88246101344739,0.462043192332946,"0",0.220933044448278,0.128415198836337,-0.0581339107468717
0.407678708729047,-2.43709239600722,1.87366546221683,0.661255271781911,-0.331524693936685,-0.13322116511702,-0.271115606403379,-0.275337768547017,0.895710359417376,0.895710359417376,1.21723191120331,0.86053405632893,"0",0.0573003730380401,-0.0452712353769915,-0.38539925380682
0.407679974711356,-0.556585821883768,0.454940970359088,1.1773770351713,-0.343275995319548,-0.13322116511702,-0.284715398997315,-0.287107758237967,2.26070862728486,2.26070862728486,1.88246101344739,2.15248338381064,"0",0.239263120728531,-0.0464457946223677,0.0214737584858847
0.397884258116959,2.23337813447386,-1.66634455248408,-2.30542532790689,-0.309700848511368,-0.13322116511702,-0.277915502700347,-0.281222763392492,1.40758470986768,1.40758470986768,1.88246101344739,1.14314797171555,"1",0.0514147267325176,-0.0458585149996796,0.397170546790758
0.313785762278845,1.49710239368122,-1.2519184008161,-0.829175168715554,-0.22576298149092,-0.13322116511702,-0.23711612491854,-0.240027799474169,-0.0142884858276131,-0.014288485827613,0.579720688219405,-0.354716871431492,"1",0.0856247395402553,-0.0417475576408629,0.32875052069655
0.407679966254005,0.608468895722929,-0.424021212163905,-1.18949063171644,-0.311379605851777,-0.13322116511702,-0.209916539730669,-0.228257809783219,-0.476787898932896,-0.476787898932896,-0.566459308000584,-0.871506653757066,"1",0.243101641675915,-0.0405729983954867,-0.0137967168802028
0.407679974712899,1.84466868693565,-1.35665795105218,-1.93538694054765,-0.326488421915458,-0.13322116511702,-0.271115606403379,-0.281222763392492,0.383836008967069,0.383836008967069,-1.11106994665095,-0.783765087738706,"1",0.208966045828655,-0.0458585149996796,0.0820679084375901
0.407679950310313,0.0618022963760112,-0.0115948933785594,0.306442723909951,0.173781265526412,-0.13322116511702,0.266076201057083,0.324931705691407,-0.996139649533211,-0.996139649533211,-1.14805116652614,-1.01197815518385,"1",0.226131019131692,0.0146312861371945,-0.047737961435842
0.407679974168518,-0.60510487832512,0.491545615059657,0.613256329283057,-0.133431327768427,-0.13322116511702,0.0552794158510787,0.0306819634176693,-0.943768438427266,-0.943768438427266,-1.03902665149202,-0.775178167538159,"0",0.170044748893468,-0.0147326949972104,-0.159910502332988
0.407679974712899,-0.162283274638372,0.157463936304302,0.385603561357955,0.165387478824368,-0.13322116511702,0.21167703068134,0.248426772700235,-0.984754359605328,-0.984754359605328,-1.13676122705768,-0.911506499997983,"0",0.20928731349753,0.00699665104224926,-0.0814253729628994
0.407679972995454,1.22802047062615,-0.89143478018948,-2.38029561049398,-0.319773392553822,0.149413994334243,-0.284715398997315,-0.287107758237967,2.26070862728486,2.26070862728486,1.88246101344739,2.15248338381064,"1",0.1758738992792,-0.00869383353683659,0.148252201723723
0.407581301961837,-0.916332568398597,0.726182284577616,0.555715780036494,-0.0847473648965676,-0.13322116511702,0.0552794158510787,0.0306819634176693,-0.943768438427266,-0.943768438427266,-0.928420173508552,-1.12597744772663,"0",0.141973564833001,-0.0147326949972104,-0.216052870328994
0.407679970180306,-1.47928321831903,1.15105943001675,1.17277927513664,-0.0998561809602482,-0.13322116511702,-0.175917058245829,-0.175292856173947,-0.523169419023824,-0.523169419023824,-0.252588014394796,-0.712198277874485,"0",0.13778983302892,-0.0352874817912938,-0.224420334322978
0.407679974710358,-0.146467333276482,0.145531780750884,0.94404787953946,-0.0696385488328869,-0.13322116511702,-0.0807185100882789,-0.0870179334918256,-0.802781803440458,-0.802781803440458,-0.841369291562263,-0.605133780846113,"0",0.241873031947363,-0.0264782874509723,-0.0162539358592628
-0.751862588027719,-0.479236069235857,-1.5481806780615,0.612966392344986,-0.06460227681166,-0.13322116511702,-0.175917058245829,-0.163522866482997,-0.463301073941917,-0.463301073941917,-0.49286684389472,-0.359912970251568,"0",0.0324130559724866,-0.0341129225459176,0.435173888476616
0.407679851763012,-1.46334239923176,1.13903286329248,-0.618851191083323,-0.101534938300657,-0.13322116511702,0.43607360848128,0.60152646342872,-1.01873101856649,-1.01873101856649,-1.28345647584719,-0.515214139256472,"0",0.0217178466492999,0.0422334284035352,-0.456564306860987
0.407641780787776,0.0319500904771543,0.0108627436470761,0.156315976316989,0.0898433985059644,-0.13322116511702,-0.14191757676099,-0.157637871637523,-0.706678911557496,-0.706678911557496,-1.02955966139575,0.531707593975306,"1",0.240753802824395,-0.0335256429232295,-0.0184923945291502
0.407679973305701,-1.6955859489618,1.31424654936588,0.34243955432528,-0.240871797554601,-0.13322116511702,-0.175917058245829,-0.192947840710371,-0.612971936646684,-0.612971936646684,-0.458541296823303,-0.430775737602054,"0",0.0777503475582633,-0.0370493206593581,-0.344499304706968
0.334226217943745,-0.313097944045939,0.148048882037967,0.43960157057953,0.499460189565751,-0.13322116511702,0.422473815887344,0.395551643837104,-1.04527818441676,-1.04527818441676,-1.22895175433758,-0.903836967620034,"0",0.216013401641071,0.0216786416094517,-0.0679731964427076
0.407679973620645,-0.292865866081212,0.255980472783685,0.100825607642521,-0.287877003086052,-0.13322116511702,-0.230316228621572,-0.240027799474169,-0.221106405201474,-0.221106405201474,0.108516740796518,-0.0899085178101896,"0",0.227790642888711,-0.0417475576408629,-0.0444187146693812
0.407679974710371,2.05506337424248,-1.51538780963508,-2.07427390124729,-0.269410672341553,-0.13322116511702,-0.196316747136733,-0.210602825246795,-0.511944104320966,-0.511944104320966,-0.350808115514867,-0.256576335586072,"1",0.123556598760967,-0.0388111595274224,0.252886802769694
-3.67170848227707,0.253796460992489,2.63213470063915,-1.35248048278462,-0.329845936596276,-0.13322116511702,-0.271115606403379,-0.275337768547017,0.895710359417376,0.895710359417376,1.21723191120331,0.86053405632893,"1",-0.108577460695582,-0.0452712353769915,-0.717154921546096
0.407679945842641,-0.616128723356452,0.499862380990615,1.20208870092785,-0.106571210321884,-0.13322116511702,-0.0875184063852467,-0.10467291802825,-0.811225478576185,-0.811225478576186,-0.786502521765739,-0.674528525582507,"0",0.204368629244254,-0.0282401263190366,-0.091262741478383
0.40767858409435,0.347660301699552,-0.227259478054149,-0.150461710182021,0.309760610099538,-0.13322116511702,0.191277341790436,0.230771788163811,-0.976487607298128,-0.976487607298128,-1.14415171418007,-0.78861992125992,"1",0.24938973998373,0.00523481217418497,0.00122051980898993
0.407679974067591,2.11464363293887,-1.56033745349174,-1.95564059247418,-0.173721503938243,-0.13322116511702,-0.23711612491854,-0.245912794319644,-0.128038341483237,-0.128038341483236,0.330259774877877,-0.112792403465052,"1",0.0856722185030186,-0.042334837263551,0.328655562866411
0.400515837868217,0.363986265368006,-0.251589656097438,-0.267952444793317,-0.316415877873004,-0.13322116511702,-0.277915502700347,-0.281222763392492,1.40758470986768,1.40758470986768,1.05092463564229,1.63863990128951,"1",0.209018251318108,-0.0458585149996796,0.0819634970565651
0.407678831500562,-3.33758875089466,2.55303481423796,-1.94720831192122,-0.333203451277094,-0.13322116511702,-0.271115606403379,-0.275337768547017,0.895710359417376,0.895710359417376,1.21723191120331,0.86053405632893,"0",-0.117633087811906,-0.0452712353769915,-0.735266175784827
0.407672337598893,1.91832681164373,-1.41224128721196,-1.19617225206977,-0.316415877873004,-0.13322116511702,-0.264315710106412,-0.269452773701543,0.554460792450505,0.554460792450505,1.38353918676433,0.251786828566645,"1",0.0537723620296014,-0.0446839557543034,0.392455275619767
0.40767997471289,-0.144174506357668,0.143801983785316,0.659865634147642,0.862071775094086,-0.13322116511702,0.572071534420637,0.736881344874639,-1.04266654131886,-1.04266654131886,-1.28287981255311,-0.7737758772216,"0",0.232244340073229,0.0557408597253614,-0.0355113194016552
0.404416727179303,-0.0490379523382991,0.0665542359009394,0.828291489089206,-0.103213695641066,-0.13322116511702,-0.175917058245829,-0.163522866482997,-0.463301073941917,-0.463301073941917,-0.451676187409019,-0.447612330948713,"0",0.239553354116682,-0.0341129225459176,0.020893291941012
0.376910711255458,-0.886980095451818,0.652597429824368,0.251029424212156,-0.227441738831329,-0.13322116511702,-0.114717991573118,-0.134097892255624,-0.772620856865104,-0.772620856865104,-0.678143070587349,-0.707611297033674,"0",0.15256779834551,-0.0311765244324771,-0.194864403141394
0.407617122978762,0.0729791962297287,-0.0201325502557915,0.312456217030705,0.061304523719012,-0.13322116511702,-0.101118198979182,-0.122327902564674,-0.798770248969845,-0.798770248969845,-0.9390279374499,-0.141048894167252,"1",0.248910189435764,-0.0300019651871009,-0.00217962153585228
0.407679970050227,-0.166373165663308,0.160549499856217,0.268129263111323,-0.2593381282991,-0.13322116511702,-0.209916539730669,-0.222372814937745,-0.420537970311983,-0.420537970311983,-0.12784671311438,-0.320358202182849,"0",0.239392016775306,-0.0399857187727986,-0.0212159662853743
0.405053982855292,-1.49040650362851,1.15504700160245,-0.942162067148551,-0.309700848511368,-0.13322116511702,-0.230316228621572,-0.234142804628694,-0.128038341483237,-0.128038341483237,-0.17370166621612,0.197700569521292,"0",0.0594442834255111,-0.0411602780181748,-0.381111432850902
0.407402296636179,0.475678876074795,-0.324305007950584,-0.788759196659926,-0.230799253512147,-0.13322116511702,-0.284715398997315,-0.287107758237967,2.26070862728486,2.26070862728486,1.88246101344739,2.15248338381064,"1",0.194999869292376,-0.0464457946223677,0.110000261940642
0.00959158887389938,1.71521655337177,-1.92666166992024,-1.82630380667968,-0.289555760426461,-0.13322116511702,-0.250715917512476,-0.257682784010593,0.127898833741916,0.127898833741916,0.575760991182238,0.143092606281257,"1",0.0319774699122296,-0.0435093965089272,0.436045060079735
0.407679974712899,0.0895572205537187,-0.0325342366434845,-0.181049855763128,-0.321452149894231,-0.13322116511702,-0.271115606403379,-0.275337768547017,0.895710359417376,0.895710359417376,1.88246101344739,0.462043192332946,"1",0.188284317127034,-0.0452712353769915,0.123431366160521
0.407679974712568,1.73564760939765,-1.27440824959301,-0.873237994987569,-0.245908069575828,-0.13322116511702,-0.271115606403379,-0.275337768547017,0.895710359417376,0.895710359417376,1.88246101344739,0.462043192332946,"1",0.0430083336628212,-0.0452712353769915,0.413983332504044
0.407679843130112,-0.63958562939494,0.517559002429179,1.06283258236826,-0.272768187022371,2.60704368384119,-0.230316228621572,-0.234142804628694,-0.128038341483237,-0.128038341483236,-0.556712361447557,-0.825144596027253,"0",0.184225496404969,0.324860609626407,-0.131549006930252
-3.65979103057611,-0.0956433688807063,2.34851607205594,0.773393747015587,1.33716010242982,-0.13322116511702,1.05486417150536,1.08409604075765,-1.09133956883821,-1.09133956883821,-1.33690038659124,-0.861278665873832,"0",-0.0567136216474842,0.0903903574639592,-0.613427243408466
0.405769555543647,0.571408559236178,-0.399265576305696,0.515233851926091,0.494423917544524,-0.13322116511702,0.198077238087404,0.213116803627386,-0.986910816951873,-0.986910816951873,-1.09246479481878,-1.04535026170507,"1",0.195921200915292,0.00347297330612067,0.108157598051989
0.407679974712899,-0.340807561918884,0.292149537141574,0.305660172257671,-0.254301856277873,-0.13322116511702,-0.189516850839765,-0.192947840710371,-0.474306284434914,-0.474306284434914,-0.240402445184443,-0.527136640154314,"0",0.217182686220174,-0.0370493206593581,-0.0656346271830987
0.407679974712848,0.0547626473243827,-0.00628386996989826,0.253307249474736,1.7081654746602,-0.13322116511702,1.25206116411742,1.32538082942211,-1.09767024137095,-1.09767024137095,-1.32555256262077,-1.14933941824547,"1",0.244958011679665,0.114468821994171,-0.0100839765639217
-0.946376182033791,-0.347217821702671,-1.97401538158938,0.460963903501718,0.820102841583862,-0.13322116511702,0.85086728259632,0.931086174775305,-1.07731315498802,-1.07731315498802,-1.27158032498318,-1.2543558525753,"0",0.010137235961347,0.0751210872740686,0.479725528544094
-1.23624899020067,-0.826707348038542,-2.0984399894612,1.72501840296111,-0.311379605851777,-0.13322116511702,-0.264315710106412,-0.263567778856068,0.895710359417376,0.895710359417376,0.385695533398217,0.95963244224372,"0",-0.0786930813608138,-0.0440966761316153,0.657386163029346
-3.5671587703874,-0.402875498306378,1.96136698881791,-0.430080533935109,-0.316415877873004,-0.13322116511702,-0.271115606403379,-0.263567778856068,1.91945906031799,1.91945906031799,-0.11322629328484,1.77077108250923,"0",-0.0791709125242314,-0.0440966761316153,-0.658341825306135
-0.948805547340585,0.434469515929582,-1.79836730765163,-2.58020412296709,-0.313058363192186,1.51297315988275,-0.250715917512476,-0.251797789165118,0.310711101759883,0.310711101759883,-0.0181935643928295,0.713033449515943,"1",0.104748291015926,0.17696228892255,0.290503417587556
0.383416465690045,-1.05764032938289,0.792261431832118,-1.24065447705411,-0.331524693936685,-0.13322116511702,-0.277915502700347,-0.281222763392492,1.40758470986768,1.40758470986768,1.88246101344739,1.14314797171555,"0",0.156897774709974,-0.0458585149996796,-0.186204450312127
0.385344028433464,0.545227563734765,-0.413770987956413,-0.132078954326028,-0.308022091170959,-0.13322116511702,-0.216716436027636,-0.228257809783219,-0.36428804169107,-0.36428804169107,-0.00157945095017001,-0.308738867400086,"1",0.195164845262781,-0.0405729983954867,0.109670309321234
-3.50350885713904,-0.422239989903613,1.8400050661548,0.503603087209883,0.188890081590093,-0.13322116511702,0.422473815887344,0.372011664455205,-1.04888865417836,-1.04888865417836,-1.19496720589938,-1.1049167432968,"0",-0.0199064238327188,0.0193295231186993,-0.539812847647169
0.362421068295048,0.62672520000113,-0.513701962498353,-0.025910235248484,-0.309700848511368,-0.13322116511702,-0.230316228621572,-0.240027799474169,-0.221106405201474,-0.221106405201474,0.511685893671716,-0.485788884400065,"1",0.159041373734367,-0.0417475576408629,0.181917252480297
0.407309023987968,2.82637322777681,-2.09791583413575,-2.78751230050592,-0.313058363192186,-0.13322116511702,-0.284715398997315,-0.287107758237967,2.26070862728486,2.26070862728486,1.88246101344739,2.15248338381064,"1",0.0291669016749293,-0.0464457946223677,0.441666196885004
0.407679974712899,-0.139963137305586,0.140624764709049,0.26620192885426,1.28176111019633,-0.13322116511702,1.06846396409929,1.06055606137575,-1.09354214067752,-1.09354214067752,-1.30503284171675,-1.1869678441886,"0",0.214874964881366,0.0880412389732068,-0.0702500702911013
0.407679974614598,-0.98591232029561,0.778841422481505,1.33103994170234,-0.282840731064825,-0.13322116511702,-0.23711612491854,-0.245912794319644,-0.128038341483237,-0.128038341483237,0.690592205260084,-0.432666513399183,"0",0.22175348740049,-0.042334837263551,-0.0564930250210099
0.40756982819808,-0.350922880703941,0.299596187423145,-0.633907184166277,-0.316415877873004,-0.13322116511702,-0.257515813809444,-0.263567778856068,0.310711101759883,0.310711101759883,1.1221991823113,0.0582473416026518,"0",0.231296853572419,-0.0440966761316153,-0.0374062931771339
0.407679974708581,-0.23673732787808,0.213634942764117,1.34471151890748,-0.316415877873004,-0.13322116511702,-0.257515813809444,-0.263567778856068,0.310711101759883,0.310711101759883,0.742068266743257,0.330528007296069,"0",0.209182804279919,-0.0440966761316153,0.0816343912114898
-1.45427184763703,1.27835591607433,-0.313946996552287,-0.332766388901768,-0.276125701703189,-0.13322116511702,-0.203116643433701,-0.210602825246795,-0.420537970311983,-0.420537970311983,-0.325222380813172,-0.184744633427019,"1",0.226958668936343,-0.0388111595274224,0.0460826622007881
-1.95478453560135,-1.76613864511475,-1.77137921980413,-0.0239745403478485,-0.22576298149092,-0.13322116511702,-0.148717473057958,-0.169407861328472,-0.706678911557496,-0.706678911557496,-1.02298625129452,-0.226708715915862,"0",0.0491076427357211,-0.0347002021686057,0.401784714592949
0.402416616387898,0.421429972347606,-0.291739446977798,0.180103013593099,-0.120001269045156,-0.13322116511702,-0.128317784167054,-0.122327902564674,-0.679287641968182,-0.679287641968181,-0.609589546497727,-0.677635988017602,"1",0.218658192133435,-0.0300019651871009,0.0626836160626227
0.0204293385259162,0.281918627552131,-0.827149591669722,0.174822949178489,-0.212332922767649,1.45582536033048,-0.23711612491854,-0.234142804628694,0.0994613698280105,0.0994613698280109,-0.362687206626369,0.698492227123864,"1",0.149583584260051,0.171090818796044,0.200832831443504
0.407679974712899,-0.31979912631889,0.276299963873202,0.0239700301462061,-0.328167179255867,-0.13322116511702,-0.277915502700347,-0.281222763392492,1.40758470986768,1.40758470986768,1.05092463564229,1.63863990128951,"0",0.230089921812946,-0.0458585149996796,-0.0398201563870407
0.407679972964866,-1.12886254292548,0.886688575516283,1.16306433822294,-0.321452149894231,-0.13322116511702,-0.264315710106412,-0.263567778856068,0.895710359417376,0.895710359417376,0.552002808959236,0.811469471479663,"0",0.171791227963319,-0.0440966761316153,-0.156417544126741
0.400966765169284,1.72242661152646,-1.27569310576392,-2.32459232777774,-0.343275995319548,0.984356014024282,-0.284715398997315,-0.287107758237967,2.26070862728486,2.26070862728486,1.88246101344739,2.15248338381064,"1",0.124289882733198,0.102830502986654,0.25142023491544
0.407679974712891,0.845024533436971,-0.602487885519978,-1.92602190510791,-0.329845936596276,0.364862467056466,-0.271115606403379,-0.275337768547017,0.895710359417376,0.895710359417376,1.21723191120331,0.86053405632893,"1",0.199201143478484,0.021258470041332,0.101597713403774
0.407679973315893,-1.69703634551171,1.31534078442378,-0.945091834954436,-0.329845936596276,2.96452726851031,-0.257515813809444,-0.263567778856068,0.310711101759883,0.310711101759883,0.742068266743257,0.330528007296069,"0",0.0698311153592352,0.369673778139237,-0.360337769752081
0.407679974712899,-0.552561607479478,0.451904947962728,1.36006192379617,-0.287877003086052,-0.13322116511702,-0.230316228621572,-0.245912794319644,-0.314174468919712,-0.314174468919711,-0.435761615584998,-0.964984125765306,"0",0.212603662155962,-0.042334837263551,-0.0747926753993292
-1.54111049159611,-0.701469874000602,-1.66195948711856,0.112996920739346,-0.24255055489501,-0.13322116511702,-0.128317784167054,-0.151752876792048,-0.758037542037459,-0.758037542037459,-1.11618709359129,-1.61684948874372,"0",0.0745542713067372,-0.0329383633005414,0.350891457635663
0.407679973285637,1.25628617624311,-0.912759517093443,-0.132494934655275,-0.123358783725974,-0.13322116511702,-0.264315710106412,-0.269452773701543,0.554460792450505,0.554460792450505,0.718310084520254,0.730238030403927,"1",0.104849310284364,-0.0446839557543034,0.290301378955577
0.399736197300297,-0.0100331512666746,0.0292774021822087,0.96941205046531,0.0982371852080092,-0.13322116511702,-0.0943183026822146,-0.0987879231827751,-0.777513323775023,-0.777513323775023,-0.798434467565167,-0.615974282799526,"0",0.232412289403789,-0.0276528466963485,0.0351754214841433
0.407678977956378,-0.525076653689974,0.431167568089056,0.525718309583619,-0.195545349363559,-0.13322116511702,-0.128317784167054,-0.139982887101098,-0.726537582009748,-0.726537582009748,-0.59423810567671,-0.72419940379132,"0",0.19534300116281,-0.0317638040551652,-0.109313997634761
0.407679931536599,0.73422015091478,-0.518892862484294,-0.39502722431891,-0.0964986662794303,-0.13322116511702,-0.073918613791311,-0.0693629489554014,-0.795938563461176,-0.795938563461176,-0.730542002636671,-0.894525625650215,"1",0.212454367773248,-0.024716448582908,0.0750912644657244
0.40767997454194,-0.256951230340608,0.228885089340859,-0.149418050110229,-0.0729960635137048,-0.13322116511702,0.0824790010389502,0.0659919324905178,-0.952938610504657,-0.952938610504657,-1.00671582569059,-0.987843119707355,"0",0.181755736806205,-0.0112090172610818,-0.136488526297459
0.407678971713138,-0.411617306125016,0.345569454244082,-0.296023154196427,-0.313058363192186,-0.13322116511702,-0.277915502700347,-0.281222763392492,1.40758470986768,1.40758470986768,1.05092463564229,1.63863990128951,"0",0.211196676738131,-0.0458585149996796,-0.0776066468324322
-3.65239383458281,-1.2402443185616,1.47257855695214,-0.529817091232915,-0.319773392553822,-0.13322116511702,-0.271115606403379,-0.275337768547017,0.895710359417376,0.895710359417376,1.88246101344739,0.462043192332946,"0",0.101254592187223,-0.0452712353769915,-0.297490815534765
0.406188122146374,-0.188831074527475,0.174990508449781,-2.34269087382358,-0.331524693936685,-0.13322116511702,-0.284715398997315,-0.287107758237967,2.26070862728486,2.26070862728486,1.88246101344739,2.15248338381064,"0",0.183684378190196,-0.0464457946223677,-0.132631243599975
0.151597691326278,1.31763719112506,-1.38854214423057,-2.26949724540102,-0.338239723298321,1.48387253750367,-0.284715398997315,-0.287107758237967,2.26070862728486,2.26070862728486,1.88246101344739,2.15248338381064,"1",0.107329970285943,0.1695516016376,0.28534005998435
0.407679974712899,-1.04386527016653,0.822563360947084,2.880306167238,-0.324809664575049,-0.430052024894313,-0.271115606403379,-0.275337768547017,0.895710359417376,0.895710359417376,1.21723191120331,0.86053405632893,"0",0.231023345766155,-0.0849193353835634,0.0379533083140834
0.407679974712899,0.641396836943849,-0.448863305542269,2.20154078610477,-0.180436533299878,-0.13322116511702,-0.271115606403379,-0.275337768547017,0.895710359417376,0.895710359417376,0.552002808959235,1.35550165581868,"1",0.106603712622406,-0.0452712353769915,0.286792574453079
0.407679974712899,0.954139342267717,-0.684808301478389,0.730628641520607,-0.302985819149732,-0.13322116511702,-0.271115606403379,-0.269452773701543,1.40758470986768,1.40758470986768,0.552002808959235,1.33033381177683,"1",0.14544476135789,-0.0446839557543034,0.209110477396387
0.346182107190068,0.02427081061283,-0.0864228813482063,0.270245700591936,-0.311379605851777,-0.13322116511702,-0.23711612491854,-0.245912794319644,-0.128038341483237,-0.128038341483236,0.274824016357537,-0.0705447098443342,"1",0.216919993150639,-0.042334837263551,0.0661600138970037
0.407679973570582,-1.81683245890181,1.40571958851794,1.31961956245539,-0.297949547128506,-0.13322116511702,-0.264315710106412,-0.269452773701543,0.554460792450505,0.554460792450505,0.718310084520254,0.730238030403927,"0",0.127594628671449,-0.0446839557543034,-0.244810742709686
0.407679974711736,-1.55795408597937,1.21041177135597,-0.76674639135231,-0.33991848063873,-0.13322116511702,-0.243916021215508,-0.251797789165118,-0.0142884858276131,-0.0142884858276131,0.29858219858054,0.127767911087138,"0",0.0757501934283719,-0.0429221168862391,-0.348499613474899
0.407679974712743,-0.00533911517721906,0.0390592153726395,0.543977910444605,-0.197224106703968,-0.13322116511702,-0.189516850839765,-0.198832835555846,-0.511944104320966,-0.511944104320966,-0.235511054726766,-0.548564202655588,"0",0.237667737355645,-0.0376366002820462,0.0246645256161332
0.194127606146833,-2.41114137851576,1.49592256259467,-0.299956060004758,-0.314737120532595,-0.13322116511702,-0.257515813809444,-0.269452773701543,0.0669614110692609,0.066961411069261,-0.493357208852883,-1.02945118433773,"0",0.00487413378687218,-0.0446839557543034,-0.490251732503228
0.407591617470293,0.573792822736053,-0.39800842378873,0.408773517659722,-0.108249967662293,-0.13322116511702,-0.23711612491854,-0.222372814937745,0.326961081139258,0.326961081139258,-0.19637993106535,0.418108851578774,"1",0.195357638140181,-0.0399857187727986,0.109284723542623
0.407679363587568,-0.362849169047544,0.308777549849597,-0.231625388927678,-0.240871797554601,-0.13322116511702,-0.209916539730669,-0.222372814937745,-0.420537970311983,-0.420537970311983,-0.0912956635405302,-0.366594237186126,"0",0.20575947358589,-0.0399857187727986,-0.0884810526193309
0.407679974712899,-0.301427725729248,0.262439871421186,1.1957630161873,-0.19386659202315,-0.13322116511702,-0.169117161948861,-0.169407861328472,-0.559090426072968,-0.559090426072968,-0.504194274428288,-0.432106659621253,"0",0.242656874431411,-0.0347002021686057,-0.0146862516751053
0.407679974712899,-0.837786171367753,0.667089348617859,0.78316661457135,-0.0981774236198393,-0.13322116511702,-0.0467190286034395,-0.0634779541099266,-0.860535633877273,-0.860535633877274,-0.925994946299265,-0.615079602099127,"0",0.162483521741922,-0.0241291689602199,-0.175032956002415
0.398828692418767,1.67055294358512,-1.24014355298924,-0.619782193747099,-0.321452149894231,4.21627354259155,-0.264315710106412,-0.269452773701543,0.554460792450505,0.554460792450505,1.21723191120331,0.37147219802072,"1",0.0651313627501982,0.536283943872677,0.369737274095361
0.407679766647482,0.251927235022844,-0.155032780614193,-0.205104471031387,-0.249265584256646,-0.13322116511702,-0.148717473057958,-0.157637871637523,-0.666214536027827,-0.666214536027827,-0.536553903803797,-0.635228100402155,"1",0.249102028239665,-0.0335256429232295,-0.00179594385202661
0.407679731723507,-0.736005251394701,0.590301493449394,1.18551585335991,0.0361231636128776,-0.13322116511702,-0.10791809527615,-0.110557912873725,-0.74833927848213,-0.74833927848213,-0.875672784855226,-0.306259023338379,"0",0.195867692438417,-0.0288274059417247,-0.108264615090165
0.407658849729812,-0.0632910031948861,0.082744922090959,0.198552153612484,-0.321452149894231,-0.13322116511702,-0.264315710106412,-0.269452773701543,0.554460792450505,0.554460792450505,1.21723191120331,0.37147219802072,"0",0.213545155096092,-0.0446839557543034,0.0729096898881838
0.407679974698815,1.26005306642163,-0.915601401811648,0.0880015566437431,-0.220726709469693,-0.13322116511702,-0.216716436027636,-0.228257809783219,-0.36428804169107,-0.36428804169107,-0.117878245048785,-0.199526199947351,"1",0.122354074153231,-0.0405729983954867,0.255291851541172
0.345786224549181,-0.773852063505324,0.515047798479509,1.4830387981157,-0.106571210321884,-0.13322116511702,-0.073918613791311,-0.0693629489554014,-0.795938563461176,-0.795938563461176,-0.838930768460195,-0.682033115447509,"0",0.207829681552132,-0.024716448582908,-0.0843406367959278
0.407679974712899,1.23516743074948,-0.896826719397308,-0.962359428405659,-0.296270789788097,-0.13322116511702,-0.277915502700347,-0.281222763392492,1.40758470986768,1.40758470986768,1.05092463564229,1.63863990128951,"1",0.145319072938951,-0.0458585149996796,0.209361854238719
0.407679962125553,-0.888054995370232,0.705014065183959,0.956371250773368,-0.286198245745643,-0.13322116511702,-0.230316228621572,-0.240027799474169,-0.221106405201474,-0.221106405201474,0.0681998255089986,-0.0560730295388218,"0",0.194618569567823,-0.0417475576408629,-0.110762861130938
-0.00794062369874771,0.282499781144885,-0.875169677702493,0.290681150710802,-0.254301856277873,-0.13322116511702,-0.257515813809444,-0.257682784010593,0.554460792450505,0.554460792450505,0.552002808959235,0.48480205130261,"1",0.112345111854413,-0.0435093965089272,0.275309776173524
0.407679974712864,2.84607344276479,-2.1121562828183,-2.78368191018557,-0.316415877873004,6.50231375869009,-0.277915502700347,-0.281222763392492,1.40758470986768,1.40758470986768,1.05092463564229,1.63863990128951,"1",0.0447307914922683,0.840458872800208,0.410538417013893
0.407679556674045,-0.675469208392797,0.544630476574369,0.436333129698386,-0.309700848511368,-0.13322116511702,-0.257515813809444,-0.257682784010593,0.554460792450505,0.554460792450505,0.361937351175214,0.613461968318507,"0",0.193754438278624,-0.0435093965089272,-0.112491123575511
0.407660653467797,0.32329240591976,-0.208905471543244,0.385183282017521,-0.0931411515986124,-0.13322116511702,-0.121517887870086,-0.122327902564674,-0.714287597554527,-0.714287597554528,-0.59764953697027,-0.783206345753092,"1",0.221132976043212,-0.0300019651871009,0.0577340480041689
0.407679974687727,-1.1261916156136,0.884673527931342,0.462183813206965,-0.215690437448467,-0.13322116511702,-0.0807185100882789,-0.0811329386463509,-0.793087213469809,-0.793087213469809,-1.02364889344183,-0.0277161606322016,"0",0.117024158220238,-0.0258910078282842,-0.265951683232607
-0.74382219526868,-1.23712601028427,-0.962914088581721,0.816139958831011,0.328226940844037,-0.13322116511702,0.388474334402505,0.36612666960973,-1.03949466886243,-1.03949466886243,-1.19291598500218,-1.17025239273447,"0",0.131626197703229,0.0187422434960112,0.236747604382382
0.407651602089133,-0.482604913972243,0.39907933685515,-0.0921603790334837,-0.286198245745643,-0.13322116511702,-0.223516332324604,-0.234142804628694,-0.298663124966672,-0.298663124966672,0.355457846932577,-0.513086764418567,"0",0.213479758187859,-0.0411602780181748,-0.0730404832828424
-3.17553783564878,0.242560278714126,1.79148831562857,-0.0454253146791284,0.0864858838251465,-0.13322116511702,0.238876615869211,0.230771788163811,-1.00600004383788,-1.00600004383788,-1.13681761638241,-0.990886299263042,"1",-0.0257487600559568,0.00523481217418497,-0.55149752021837
0.407679974708024,0.312174186061284,-0.200485052827416,0.122269575323637,0.358444572971398,-0.13322116511702,0.0620793121480465,0.083646917026942,-0.919279475792165,-0.919279475792165,-1.00022524903868,-0.934318161146261,"1",0.232181663723093,-0.00944717839301749,0.0356366719595359
-0.0742639586982742,-0.578539528239106,-0.336804870766546,0.53330671395065,-0.230799253512147,-1.90792635015261,-0.203116643433701,-0.210602825246795,-0.420537970311983,-0.420537970311983,-0.529908258426734,0.159493616912281,"0",0.200868798773498,-0.275860934982931,0.0982624026794514
0.407640004721292,-0.279612590423169,0.24591465578967,0.718481783888773,0.0361231636128776,-0.13322116511702,0.157277860305597,0.142496865481689,-0.983259490655258,-0.983259490655258,-1.08157559224944,-1.16072106047209,"0",0.205518357362027,-0.0035743821661365,-0.0889632850457962
-2.02789336584092,-0.190202135973249,-0.459815050179177,0.683103906591324,0.0142993181875611,-0.13322116511702,-0.0535189249004073,-0.0575929592644519,-0.83666919901354,-0.83666919901354,-0.80456799220645,-0.88285371896494,"0",0.183148629471315,-0.0235418893375318,0.133702740780396
0.407679968579019,0.19068445181384,-0.108828526610161,-0.532108317973268,-0.267731915001144,-0.13322116511702,-0.230316228621572,-0.222372814937745,0.0580977859532383,0.0580977859532386,-0.0325924627098008,0.0575384103706349,"1",0.241790500611049,-0.0399857187727986,-0.0164189983493438
0.407679974712899,1.30953270250827,-0.95293074569442,-1.52456934058636,-0.297949547128506,-0.13322116511702,-0.277915502700347,-0.281222763392492,1.40758470986768,1.40758470986768,1.05092463564229,1.63863990128951,"1",0.156281612542984,-0.0458585149996796,0.187436774856531
0.407679974712899,0.0821239459930193,-0.0269262879119871,0.452678226938203,0.75966757732914,-0.13322116511702,0.388474334402505,0.389666648991629,-1.03551971758733,-1.03551971758733,-1.18758872806808,-1.0776992258302,"1",0.246625252438295,0.0210913619867636,0.00674949486202667
0.407679974711612,-0.659049213738778,0.532243301073391,0.57961827408054,-0.32313090723464,-0.13322116511702,-0.271115606403379,-0.275337768547017,0.895710359417376,0.895710359417376,1.21723191120331,0.86053405632893,"0",0.232545457611303,-0.0452712353769915,-0.0349090845264871
0.368500477633963,-0.876328601954953,0.630456025050661,0.551975422492117,-0.175400261278651,-0.13322116511702,-0.0331192360095037,-0.0458229695735024,-0.869599900468936,-0.869599900468937,-0.84612293072682,-0.908500577448343,"0",0.157521154830477,-0.0223673300921556,-0.184957690092102
-3.42507295746378,0.71158472934108,2.56385469928125,0.237115351753635,-0.304664576490141,-0.13322116511702,-0.230316228621572,-0.240027799474169,-0.221106405201474,-0.221106405201474,0.672953554821795,-0.58786464780045,"1",-0.0504953983106497,-0.0417475576408629,-0.600990796834253
-0.732005570125999,-1.48376518496982,-0.75702133983653,0.94992225369952,-0.188830320001923,-0.13322116511702,0.0280798306632072,-0.00462800565517918,-0.934153389981508,-0.934153389981508,-1.14977628607809,-0.809195653110604,"0",0.161068373581815,-0.018256372733339,0.177863253032552
0.395868651135019,-1.21994575989273,0.935595506055301,-0.228532707193837,-0.324809664575049,-0.13322116511702,-0.271115606403379,-0.275337768547017,0.895710359417376,0.895710359417376,0.552002808959235,1.35550165581868,"0",0.124400381833393,-0.0452712353769915,-0.251199236131499
-0.218908505701215,-0.661341106726742,-0.516931662250994,-0.610765063124321,-0.333203451277094,-0.13322116511702,-0.271115606403379,-0.269452773701543,1.40758470986768,1.40758470986768,0.552002808959235,1.24853831864081,"0",0.213377515199405,-0.0446839557543034,0.0732449693427134
-3.29492844857715,0.350399758083373,2.07308657712866,0.0317514908984241,-0.237514282873783,-0.13322116511702,-0.203116643433701,-0.204717830401321,-0.371788032173858,-0.371788032173859,-0.544528678256274,0.179436131156062,"1",-0.0385336669290752,-0.0382238799047343,-0.577067333660737
0.407610221780795,-0.169223300438086,0.162582770677197,0.131247336109361,0.316475639461174,-0.13322116511702,0.340875060323729,0.271966752082134,-1.04058477588065,-1.04058477588065,-1.21796846420081,-0.801848382101283,"0",0.200360589785519,0.00934576953300165,-0.099278820951143
0.407679974712898,0.182805725544086,-0.102884501658527,0.622323065116616,-0.215690437448467,-0.13322116511702,-0.216716436027636,-0.210602825246795,-0.167413291517875,-0.167413291517875,-0.0946184862290616,-0.214427260352393,"1",0.217540631841778,-0.0388111595274224,0.0649187360176294
0.407679535751141,0.367690314587531,-0.24236929542674,0.452805632144917,0.0831283691443285,-0.13322116511702,-0.0603188211973752,-0.0634779541099266,-0.826787454796353,-0.826787454796353,-0.816654825769822,-0.814653923191407,"1",0.216329803468126,-0.0241291689602199,0.0673403935018717
0.163862941864149,-0.13530653110381,-0.271814338843074,1.02063730342348,-0.235835525533374,-0.13322116511702,-0.209916539730669,-0.210602825246795,-0.308038113070157,-0.308038113070157,-0.0821579011470676,-0.358322611748047,"0",0.179473170925028,-0.0388111595274224,0.141053658584138
0.407086011073752,0.212119227321506,-0.12599592304413,0.540497343960168,0.766382606690776,-0.13322116511702,0.633270601093348,0.672146401574417,-1.06244051977272,-1.06244051977272,-1.24968211045208,-1.21841848446665,"1",0.244245112513363,0.0492807838757923,0.0115097750867332
0.407271008323552,0.839495482406227,-0.599002468196482,-0.792000582205398,-0.308022091170959,-0.13322116511702,-0.243916021215508,-0.251797789165118,-0.0142884858276131,-0.0142884858276131,0.773745843040594,-0.2824727111746,"1",0.164334838857551,-0.0429221168862391,0.171330321845313
0.40767997387724,-0.0302467292382546,0.0578504777054643,0.406494790394589,0.517926520310249,-0.13322116511702,0.327275267729794,0.360241674764255,-1.01777599224258,-1.01777599224258,-1.14843096338226,-1.14562698630054,"0",0.232993364689616,0.0181549638733231,-0.0340132704066152
0.407295785637671,0.0288021644098489,0.0126573628968032,0.977019660500195,0.271149191270132,-0.13322116511702,0.11647848252379,0.154266855172639,-0.943355921364951,-0.943355921364951,-1.20121534985034,-0.217991612442683,"1",0.242296580305539,-0.00239982292076031,0.015406839508447
0.407679943282795,0.34517336430774,-0.225380957055602,0.67989796025666,-0.131752570428018,-0.13322116511702,-0.203116643433701,-0.210602825246795,-0.420537970311983,-0.420537970311983,-0.610320567489204,0.305923407528954,"1",0.209035022490697,-0.0388111595274224,0.0819299549208903
0.407679974712899,-0.838482956551695,0.667615030207649,-0.146566091096339,-0.297949547128506,-0.13322116511702,-0.250715917512476,-0.257682784010593,0.127898833741916,0.127898833741916,0.694551902297251,0.0592593757725334,"0",0.184128624147653,-0.0435093965089272,-0.13174275206497
0.406050835372402,0.924360426139224,-0.665074305902323,-0.503213552485309,-0.198902864044377,-0.13322116511702,-0.155517369354925,-0.169407861328472,-0.664287661002605,-0.664287661002605,-0.26873439510813,-0.923265730178137,"1",0.179832572957023,-0.0347002021686057,0.140334853967367
0.407679974712899,-0.10722202882469,0.115923610961275,0.988555038692516,2.08420711891181,-0.13322116511702,0.612870912202444,0.719226360338215,-1.05388293776483,-1.05388293776483,-1.28654082588165,-0.793557575359676,"0",0.198893078238062,0.0539790208572971,0.102213843382218
0.406319378367537,-0.264708357839886,0.232455395329785,0.762174512790236,0.195605110951729,-0.13322116511702,0.198077238087404,0.207231808781912,-0.988805945979827,-0.988805945979827,-1.1282794555437,-0.891083794134113,"0",0.214309091961621,0.00288569368343257,-0.0713818161832141
0.407677618022242,-0.546962688273664,0.447676954984962,1.08658076238132,0.314796882120765,-0.13322116511702,-0.0331192360095037,-0.0222829901916034,-0.843349933779177,-0.843349933779177,-0.942406090262147,-0.630166467797224,"0",0.218344374849121,-0.0200182116014033,-0.0633112498805658
0.403657619830448,-0.350993912943823,0.293088284341115,0.431368810619778,-0.247586826916237,-0.13322116511702,-0.114717991573118,-0.128212897410149,-0.759079207382291,-0.759079207382291,-0.699464516172095,-0.646691801229244,"0",0.204101838028058,-0.030589244809789,-0.091796324111955
0.407679974683549,1.19066111385882,-0.863249439162791,-1.89849176543835,-0.257659370958691,-0.13322116511702,-0.223516332324604,-0.228257809783219,-0.221106405201474,-0.221106405201474,0.0833186687418183,-0.263775615455253,"1",0.190697686995224,-0.0405729983954867,0.118604626042829
0.407679974682515,-0.847126570138748,0.67413610528384,1.2175748155269,-0.0108820419185733,-0.13322116511702,-0.0671187174943431,-0.0870179334918256,-0.842081553035764,-0.842081553035765,-0.850619285917502,-0.680194973332744,"0",0.183156590724246,-0.0264782874509723,-0.133686818682145
0.407679974712899,-0.010199879484193,0.0427263632505711,0.750614712154389,0.358444572971398,-0.13322116511702,0.218476926978308,0.236656783009285,-0.992591670234232,-0.992591670234232,-1.12089151097664,-0.975277830471671,"0",0.245463316908692,0.00582209179687307,-0.00907336602013251
0.405716386544489,-0.345254187439912,0.292210944474289,0.659952524805274,0.84024792966877,-0.13322116511702,0.034879726960175,0.083646917026942,-0.880180244185727,-0.880180244185727,-0.964957125979487,-0.919279774675831,"0",0.244054168006285,-0.00944717839301749,-0.0118916634988869
0.407679966330536,0.231428043098295,-0.13956706549047,0.608815884772363,-0.326488421915458,2.96452726851031,-0.264315710106412,-0.269452773701543,0.554460792450505,0.554460792450505,1.21723191120331,0.37147219802072,"1",0.170995729122432,0.369086498516549,0.158008541904184
-3.58811854096625,-0.387939019063589,2.00778903216247,0.617430077358724,1.38248655062086,-0.13322116511702,1.38125919375981,1.51370066447731,-1.10031215014841,-1.10031215014841,-1.33190119735183,-1.17918268256808,"0",-0.0307734542517898,0.13326176992019,-0.561546908761942
0.407437280466369,-0.487237033009517,0.402214529175577,0.814185511180767,-0.183794047980696,-0.13322116511702,-0.175917058245829,-0.187062845864896,-0.583037764105731,-0.583037764105731,-0.25945312380908,-0.698016142244912,"0",0.223036709878957,-0.03646204103667,-0.0539265799076998
0.338006406951315,0.153587401818839,-0.197696452388591,0.46700810552129,0.531356579033521,-0.13322116511702,0.714869356656963,0.70157137580179,-1.07391801368,-1.07391801368,-1.27478894645592,-1.05514379421835,"1",0.248918241527807,0.0522171819892328,-0.0021635171078327
-1.80326507624328,-0.0866767748967266,-0.758454459842163,1.30025042620153,-0.255980613618282,-1.90792635015261,-0.230316228621572,-0.234142804628694,-0.128038341483237,-0.128038341483236,0.289942859590357,-0.302698534266178,"0",0.0932743569719451,-0.278210053473683,0.313451285844921
0.405564750775372,-0.495801828092119,0.405535564102173,0.25884827256203,-0.261016885639508,-0.13322116511702,-0.0535189249004073,-0.0693629489554014,-0.852040801129165,-0.852040801129165,-0.879909254751468,-0.694848855140173,"0",0.174164006811192,-0.024716448582908,-0.151671986005859
-0.376836083136992,-1.0363754936041,-0.498864847008921,0.545480481838716,-0.287877003086052,-0.13322116511702,-0.114717991573118,-0.134097892255624,-0.772620856865104,-0.772620856865104,-0.441576555289929,-1.06634889833771,"0",0.179585451942372,-0.0311765244324771,0.140829096025081
0.407679971236262,0.457186567140121,-0.309887986240426,0.174746075262566,-0.294592032447688,-0.13322116511702,-0.243916021215508,-0.251797789165118,-0.0142884858276131,-0.0142884858276131,-0.572551149596226,-0.826594724296113,"1",0.240016547530032,-0.0429221168862391,0.0199669043079118
-0.564316190120199,0.609860013472291,-2.05528694311847,0.306984626839348,-0.150218901172517,-0.13322116511702,-0.0943183026822146,-0.0870179334918256,-0.755497222680386,-0.755497222680386,-0.667460550883075,-0.862555091842251,"1",-0.0141623779802568,-0.0264782874509723,0.528324755895575
0.407679974712899,1.1554360186937,-0.836674270103597,-0.684943896927981,-0.235835525533374,-0.13322116511702,-0.230316228621572,-0.222372814937745,0.0580977859532383,0.0580977859532383,-0.0930678356410803,0.101870385322325,"1",0.167984331583477,-0.0399857187727986,0.164031337298569
0.0355990607017709,-0.256933765843035,-0.395176171738617,0.422915501006502,1.12563667753829,-0.13322116511702,0.905266452972063,0.895776205702457,-1.08582469036112,-1.08582469036112,-1.30299086330875,-1.04587105970147,"0",0.208242318481531,0.0715974095379401,0.0835153630704489
0.407664092418511,-1.6394278785276,1.27185210210175,-0.074902067115347,-0.313058363192186,-0.13322116511702,-0.196316747136733,-0.210602825246795,-0.511944104320966,-0.511944104320966,-0.184500839953848,-0.476907963082908,"0",0.0770359646911182,-0.0388111595274224,-0.345928070213002
-3.66699536038441,0.28177062850893,2.64533471871476,0.777228516988599,0.422237351906939,-0.13322116511702,0.0484795195541108,0.0071419840357703,-0.951052002991572,-0.951052002991572,-1.14794350548575,-0.234776884997402,"1",-0.0845963570928036,-0.0170818134879628,-0.669192714324776
0.0532362853037035,0.737403256050178,-1.11576146512595,-0.059570843362632,-0.321452149894231,-0.13322116511702,-0.271115606403379,-0.275337768547017,0.895710359417376,0.895710359417376,0.552002808959235,1.35550165581868,"1",0.0984752362906227,-0.0452712353769915,0.303049527184335
-1.54412832863747,2.31804228628315,0.621138295361497,-2.53822516856883,-0.313058363192186,-0.13322116511702,-0.271115606403379,-0.275337768547017,0.895710359417376,0.895710359417376,0.552002808959235,1.35550165581868,"1",0.0913334599780562,-0.0452712353769915,-0.31733307999015
0.376111724957389,-2.73878899008141,2.0483333629553,-0.0447947306153041,-0.319773392553822,2.72205731898141,-0.264315710106412,-0.263567778856068,0.895710359417376,0.895710359417375,0.884617360081273,0.559693253889268,"0",-0.00704388268285805,0.337286738547992,-0.514087765246388
0.406108793740677,-0.236056048969282,0.210485800421744,1.01344605668076,-0.244229312235419,-0.13322116511702,-0.175917058245829,-0.187062845864896,-0.583037764105731,-0.583037764105731,-0.348699546194766,-0.593994785513338,"0",0.24860716094372,-0.03646204103667,-0.00278567803887931
0.407679974712899,-0.455863146578147,0.378951903282196,1.27636717166832,-0.249265584256646,-0.13322116511702,-0.23711612491854,-0.245912794319644,-0.128038341483237,-0.128038341483237,0.746027963780424,-0.469464197138849,"0",0.223164023805484,-0.042334837263551,0.0536719525985599
0.403428550720939,0.21379361351091,-0.133393377793495,0.230995536520395,-0.252623098937464,-0.13322116511702,-0.135117680464022,-0.157637871637523,-0.742287562023604,-0.742287562023604,-0.65119417596918,-0.55998757380102,"1",0.242846283261869,-0.0335256429232295,0.0143074333230514
-2.3641296011608,-0.404751921239934,-0.0577497041001994,0.600336753697027,-0.198902864044377,-0.13322116511702,-0.148717473057958,-0.163522866482997,-0.686446723792661,-0.686446723792662,-0.502747794711778,-0.670755555726643,"0",0.233218153669669,-0.0341129225459176,0.0335636932306044
0.346400474509122,-0.142216930998521,0.0395481278024665,1.62365246045898,-0.287877003086052,-0.13322116511702,-0.264315710106412,-0.257682784010593,1.23695992638425,1.23695992638425,0.219388257837197,1.15625622382069,"0",0.223864733910016,-0.0435093965089272,0.0522705324765701
0.406986674345174,0.872010410566007,-0.624009863140855,0.25678636136299,-0.220726709469693,-0.13322116511702,-0.23711612491854,-0.234142804628694,0.0994613698280105,0.0994613698280106,-0.25181568958569,0.520003101747317,"1",0.170206381510624,-0.0411602780181748,0.159587237115256
-3.57868044475417,1.36647128951371,3.31555434393139,-1.5328536432785,-0.313058363192186,-0.13322116511702,-0.250715917512476,-0.257682784010593,0.127898833741916,0.127898833741916,0.694551902297251,0.0592593757725334,"1",-0.212130768599213,-0.0435093965089272,-0.92426153771298
0.407679974712899,1.21094193607647,-0.878550072811469,-0.424851843113947,-0.289555760426461,-0.13322116511702,-0.209916539730669,-0.228257809783219,-0.476787898932896,-0.476787898932896,-0.246637624229394,-1.2242679341622,"1",0.15810117097882,-0.0405729983954867,0.18379765765049
0.385049287249545,-0.918527604310545,0.690047973932359,1.19186812581071,-0.302985819149732,-0.430052024894313,-0.243916021215508,-0.251797789165118,-0.0142884858276131,-0.0142884858276131,0.694551902297251,-0.21770526534169,"0",0.226588076059161,-0.082570216892811,-0.0468238483399099
-0.529358217272232,-1.29871606938036,-0.556752662939831,-1.11539419172772,-0.0897836369177945,-0.13322116511702,0.53127215663883,0.525021530437548,-1.05627536830276,-1.05627536830276,-1.30995546893818,-0.41127464302379,"0",0.227086725104756,0.0345987933085899,-0.0458265500379389
0.406283672330429,-3.84162294574748,2.93095769281925,0.0436514598086757,-0.324809664575049,-0.13322116511702,-0.271115606403379,-0.275337768547017,0.895710359417376,0.895710359417376,0.552002808959235,1.35550165581868,"0",-0.130792360824272,-0.0452712353769915,-0.761584721658998
-2.42100564745355,-1.12593342688648,-0.50644523487709,1.73625459952989,-0.215690437448467,-0.13322116511702,-0.243916021215508,-0.240027799474169,0.270086153311446,0.270086153311446,-0.255775386622857,0.772054121183745,"0",0.14071405084751,-0.0417475576408629,0.218571898072254
0.3605670666054,0.715427566634901,-0.583731947195193,-0.224558907796992,-0.0478147034075704,-0.13322116511702,-0.0671187174943431,-0.0634779541099266,-0.807669831997089,-0.807669831997089,-0.794717680686907,-0.792398737186982,"1",0.198315249093401,-0.0241291689602199,0.103369502119247
0.40767997471076,-0.0291270975111412,0.0570057857892615,0.888785583977653,-0.19386659202315,-0.13322116511702,-0.203116643433701,-0.210602825246795,-0.420537970311983,-0.420537970311983,-0.06205482388145,-0.515759481128755,"0",0.222317379530182,-0.0388111595274224,0.0553652412160784
0.38250758683124,-0.361386907587522,0.265456666985866,0.602077333246049,-0.257659370958691,-0.13322116511702,-0.23711612491854,-0.245912794319644,-0.128038341483237,-0.128038341483236,0.385695533398217,-0.182755462703306,"0",0.245712382822871,-0.042334837263551,0.00857523466572075
-2.41684220450953,-0.0726589782131496,0.281202732596759,0.898408463374142,-0.318094635213413,-0.13322116511702,-0.243916021215508,-0.251797789165118,-0.0142884858276131,-0.0142884858276131,0.615357961553909,-0.136063219014584,"0",0.232759006723733,-0.0429221168862391,0.0344819864609106
0.402181106409383,0.327550623116405,-0.221308242284511,0.370351992393012,-0.217369194788875,-0.13322116511702,-0.135117680464022,-0.134097892255624,-0.67403764863023,-0.67403764863023,-0.698917133304081,-0.442563320509462,"1",0.228622384857773,-0.0311765244324771,0.0427552303276774
0.375025424224594,1.49357305294823,-1.14654556055677,-0.685686541775961,-0.128395055747201,-0.13322116511702,-0.223516332324604,-0.21648782009227,-0.0659929656710783,-0.0659929656710786,-0.0981074500520203,-0.0572879003058909,"1",0.119888041249829,-0.0393984391501105,0.26022391711264
0.395230860712831,0.88910085644099,-0.656620214314072,0.0147545339637903,-0.198902864044377,-0.13322116511702,-0.175917058245829,-0.175292856173947,-0.523169419023824,-0.523169419023824,-0.228560131444804,-0.760223183826678,"1",0.164471728993539,-0.0352874817912938,0.171056542109394
-1.42433503545293,0.117765536811896,-1.23975063279093,0.39915324648618,-0.183794047980696,-0.13322116511702,-0.162317265651893,-0.175292856173947,-0.639912691933543,-0.639912691933542,-0.453343428266774,-0.611191582858172,"1",0.0806859781925321,-0.0352874817912938,0.338628043433959
-3.6866321887534,-0.00929408609818715,2.45867885398315,1.21270027417677,0.37187463169467,-0.13322116511702,-0.0943183026822146,-0.10467291802825,-0.788521374322341,-0.788521374322341,-1.02116412248782,-0.477085981109585,"0",-0.0427556835380348,-0.0282401263190366,-0.585511366618142
0.391221322044142,1.17530674900793,-0.879269700480773,-0.1103741231346,0.205677654994183,-0.13322116511702,-0.101118198979182,-0.0929029283373004,-0.739934116734177,-0.739934116734177,-0.73093903108291,-0.6908301050839,"1",0.140620542460161,-0.0270655670736604,0.218758914728713
-1.95025187930327,0.559145567314691,-0.024697314875871,0.92090124314996,-0.29123451776687,-0.13322116511702,-0.271115606403379,-0.275337768547017,0.895710359417376,0.895710359417376,0.552002808959235,1.35550165581868,"1",0.209540008753123,-0.0452712353769915,0.0809199826819976
-0.944220870404992,1.10051238581093,-1.30356825002204,-1.45466093671516,-0.205617893406013,-0.13322116511702,-0.271115606403379,-0.275337768547017,0.895710359417376,0.895710359417376,0.552002808959235,1.35550165581868,"1",0.113728266707146,-0.0452712353769915,0.272543466736157
-2.93094652370281,1.45114122813396,2.29306376152328,-0.37821484398122,-0.185472805321105,-0.13322116511702,-0.277915502700347,-0.281222763392492,1.40758470986768,1.40758470986768,1.88246101344739,1.14314797171555,"1",-0.00690561083267777,-0.0458585149996796,-0.513811221881657
0.407679974712899,0.29757635687042,-0.189471888025577,0.917846999928687,0.131812332016188,-0.13322116511702,-0.182716954542797,-0.192947840710371,-0.549581924207018,-0.549581924207018,-0.652909707115206,0.0486821382011249,"1",0.19476435629136,-0.0370493206593581,0.110471287653637
0.407679567125919,-0.273367635502068,0.241269574604631,0.442940596050299,0.0411594356341045,-0.13322116511702,0.11647848252379,0.136611870636215,-0.951476614391661,-0.951476614391661,-1.00104858138028,-1.10049752232695,"0",0.202526830542173,-0.0041616617888246,-0.0949463390030478
0.407312060975177,0.607658073309298,-0.424026541271946,0.19441067475167,-0.163648959895789,-1.90792635015261,-0.23711612491854,-0.234142804628694,0.0994613698280105,0.0994613698280109,0.0253631030160086,0.13478972023194,"1",0.185657943565983,-0.278210053473683,0.128684113197468
-0.658864199107176,0.421832768313336,-2.07200633477463,-0.305067317744199,-0.135110085108836,-0.13322116511702,-0.0331192360095037,-0.0399379747280277,-0.863037408796497,-0.863037408796497,-0.951159104765358,-0.605238798562687,"1",0.0138315547814758,-0.0217800504694675,0.47233689053657
0.407679974712899,0.0993937790917657,-0.0399553154056484,0.646254890168243,-0.106571210321884,-0.13322116511702,-0.0671187174943431,-0.0870179334918256,-0.842081553035764,-0.842081553035765,-0.762193110370925,-0.85845740725982,"1",0.242461743474853,-0.0264782874509723,0.0150765132332584
-3.66204546600556,0.276449324211036,2.6330182390035,0.10320234181647,0.422237351906939,-0.13322116511702,0.40207412699644,0.377896659300679,-1.04188123524833,-1.04188123524833,-1.17546168645489,-1.17030584249363,"1",-0.126059425025205,0.0199168027413874,-0.752118850327551
0.407149129816389,0.890340855630117,-0.63756658948002,0.301995680411003,0.178817537547639,-0.13322116511702,-0.0263193397125359,-0.0399379747280277,-0.877122756776368,-0.877122756776368,-0.842731753438053,-0.961743423367197,"1",0.166830333875073,-0.0217800504694675,0.166339331929957
0.407679974712899,-0.370647332775851,0.314661809997773,-0.393656901269333,0.00254801680469839,-0.13322116511702,0.449673401075215,0.630951437656093,-1.01931178051465,-1.01931178051465,-1.27911290890099,-0.575060424703973,"0",0.142102084470919,0.0451698265169756,-0.21579583118732
0.404951905850791,-0.062754091976272,0.0777998131285169,0.307291309244197,1.99187546518932,-0.13322116511702,1.6600549419355,1.73144547375987,-1.1093522454535,-1.1093522454535,-1.3555888412876,-1.07552522540603,"0",0.230391273942956,0.15499111595965,-0.0392174524024799
0.400419569439829,-0.308435968415753,0.255550125542849,0.621897957101052,2.76410384177744,-0.13322116511702,2.31284498644441,2.56711474181728,-1.11806371870023,-1.11806371870023,-1.36928263163352,-1.26462809825118,"0",0.22238105425326,0.23838482238136,-0.0552378917379705
0.407679974712899,0.522219464062713,-0.358951303555211,-0.430476106890146,-0.257659370958691,-0.13322116511702,-0.148717473057958,-0.163522866482997,-0.686446723792661,-0.686446723792662,-0.938470978564476,0.308078752659979,"1",0.243087677024651,-0.0341129225459176,0.0138246464673784
0.397691234661642,0.214820110935659,-0.143790340616523,0.170836560869691,-0.0629235194712511,-0.13322116511702,-0.114717991573118,-0.128212897410149,-0.759079207382291,-0.759079207382291,-0.774597229185009,-0.488852221125569,"1",0.240479973348005,-0.030589244809789,0.019040053116764
0.400160068829095,0.0514308968638003,-0.0163825334614045,0.0351776435928409,-0.0729960635137048,-0.13322116511702,0.034879726960175,0.0247969685721945,-0.921965905446977,-0.921965905446977,-0.909295099057024,-1.07244720343377,"1",0.22536715913317,-0.0153199746198985,-0.0492656818114112
0.402188051913428,0.153906716197262,-0.090292939545201,0.674254649129325,0.576683027224563,-0.13322116511702,0.0620793121480465,0.142496865481689,-0.883509080931906,-0.883509080931906,-0.982792620573167,-0.967350747745805,"1",0.219302844659634,-0.0035743821661365,0.0613943107886052
0.407679974712899,-0.728668918525145,0.584767088802718,0.936955100686883,-0.0562084901096152,-0.13322116511702,-0.0331192360095037,-0.0340529798825529,-0.856474917124057,-0.856474917124057,-0.852519364402244,-0.885351975286854,"0",0.181040685150297,-0.0211927708467794,-0.137918629813268
0.407679974712797,0.175931441943648,-0.0976982772454542,0.669751308467891,1.27000980881346,-0.13322116511702,0.565271638123669,0.630951437656093,-1.05228390831501,-1.05228390831501,-1.27608915147301,-1.01710079980049,"1",0.217683904924365,0.0451698265169756,0.0646321898940663
0.407679974712899,-0.238877048730104,0.215249230625235,0.49988778615048,1.88443499540314,-0.13322116511702,2.04764903086267,1.97861525726981,-1.11859689852454,-1.11859689852454,-1.35411027571153,-1.67328893011702,"0",0.192360952070288,0.17965686011255,-0.115278096144493
0.407679974711852,-0.0519592761920945,0.0742312611082761,0.402036936930474,2.15975119923021,-0.13322116511702,2.39444374200803,2.47883981913516,-1.12105087804365,-1.12105087804365,-1.36650510811899,-1.37918079877909,"0",0.207199828191939,0.229575628041038,-0.0856003439149729
0.407677381387508,0.348399116337172,-0.227818885443628,0.238589430263533,3.69581416570441,-0.13322116511702,2.74123845315339,2.80839953048175,-1.1247946269718,-1.1247946269718,-1.36985087161513,-1.56973534783525,"1",0.204109961422345,0.262463286911572,0.0917800770389352
0.407679974683549,-0.110192222320719,0.118164439326544,0.539432288914223,7.51834462981562,-0.13322116511702,7.56916482400058,7.35750054603373,-1.14184607287131,-1.14184607287131,-1.41546332034176,-1.52137794096382,"0",0.224490729952102,0.716430435249472,-0.0510185400556277
