"state_sentiment","follower_sentiment","minus_sentiment","comment_variance","frequency","topword_sentiment","num_nodes","num_edges","density","avg_degree_centrality","avg_betweenness_centrality","avg_closeness_centrality","resilience_loss","v0","u0"
0.408447037066247,1.3488172846595,-0.98204559445792,-0.881129005930563,-0.296947163234462,3.60491920515466,-0.292027032532028,-0.293507496833931,4.07929619362109,4.07929619362109,-1.45095221828936,3.70645598957632,0.0639661928355222,-0.328853626981225,0.46044509011737
-3.48655628588538,-0.103345680077488,2.05631089171239,0.465291229382929,-0.308681580726232,-0.133440411829776,-0.27165766753923,-0.275878731423469,0.931296644017475,0.931296644017475,1.88111918595564,0.483462979699004,0.067670492298758,-0.364659015402484,-0.0458472067698003
0.259744852552137,1.7292624544464,-1.5183858899212,-1.96564109990424,-0.305328890014298,4.2091132107803,-0.285237244201095,-0.28763124169711,2.33040755495242,2.33040755495242,1.88111918595564,2.20838486944742,0.0532607659096187,0.322308251696364,0.543148560786176
-3.68076274889341,1.13605419017188,3.31672321993667,-1.56862137431853,-0.313710616794134,3.48077407336827,-0.258078090877365,-0.258249966013006,0.58151891628374,0.58151891628374,0.167482463772498,0.835309793329278,-0.239426507956767,-1.00778437673901,0.447114710473328
0.408447029732006,-0.704172938448898,0.566117832908729,0.264618607305207,-0.315386962150101,-1.841066835827,-0.251288302546432,-0.258249966013006,0.14429675661657,0.14429675661657,0.869597509666978,-0.073345598715889,0.193832141137115,-0.045998130714684,-0.276151982461583
0.408445466345682,0.945024683304008,-0.677547537797227,0.288579096663698,-0.248333147911413,-0.133440411829776,-0.217339360891769,-0.228868690328903,-0.360190350691702,-0.360190350691702,-0.052880300424324,-0.24963219462223,0.14038369977963,0.21923260044074,-0.0411250615552801
0.408447037128407,-0.0416258565961948,0.0664899573511966,-2.13094227967813,-0.342208487845576,-0.429797577903311,-0.258078090877365,-0.264126221149827,0.331677682188214,0.331677682188214,1.11950286498535,0.0381272921697779,0.221929020408705,-0.0561359286811844,-0.0849431971588818
0.358861097670984,-2.05161053980338,1.49904309010759,-0.56283002797121,-0.28018370967479,-0.133440411829776,-0.230918937553634,-0.240621200602544,-0.213430464929295,-0.213430464929295,0.305958158494367,-0.30550493067797,0.0568627988788483,-0.386274402242303,-0.0423055978589101
0.407188944224543,-2.24294649472018,1.72439918260202,1.65642167179516,-0.335503106421707,4.68084368063678,-0.244498514215499,-0.252373710876186,-0.00144396327248616,-0.00144396327248616,0.611758651005163,-0.126843641341743,0.0516721893577651,-0.284481458000023,0.610800867989495
0.408447037128411,0.232124569556432,-0.139945707365126,-1.02090989088323,-0.285212745742691,-0.133440411829776,-0.237708725884567,-0.246497455739365,-0.118036539183731,-0.118036539183731,0.270618007237223,-0.0599886817748758,0.244713855582579,0.0105604666989898,-0.0428958660107252
0.408433917559802,-2.18472240812906,1.6825807255448,1.28440749523355,-0.342208487845576,-0.133440411829776,-0.285237244201095,-0.28763124169711,2.33040755495242,2.33040755495242,1.88111918595564,2.20838486944742,0.0904332667912205,-0.319133466417559,-0.0470277430734304
0.408447037128215,0.725886513378398,-0.512292433969944,0.242124669233649,-0.203071823300299,-0.133440411829776,-0.230918937553634,-0.240621200602544,-0.213430464929295,-0.213430464929295,-0.38065049450157,0.541110124179998,0.179412223628612,0.141175552742776,-0.0423055978589101
0.398081606267501,2.33872641099713,-1.74592563291708,-2.6235000341983,-0.293594472522527,-0.133440411829776,-0.285237244201095,-0.28763124169711,2.33040755495242,2.33040755495242,1.88111918595564,2.20838486944742,0.0794691449657737,0.341061710068453,-0.0470277430734304
0.183924980132222,-0.853159787842756,0.301836310953009,0.351407093909688,-0.296947163234462,-0.133440411829776,-0.258078090877365,-0.264126221149827,0.331677682188214,0.331677682188214,1.30990694522792,-0.0641692042409376,0.215367725806809,0.0692645483863811,-0.0446666704661703
0.408447001610278,1.19914790453977,-0.869179718319924,-1.32737691865802,-0.330474070353805,-0.133440411829776,-0.278447455870163,-0.28175498656029,1.45596323561808,1.45596323561808,1.04810133489439,1.68405997740231,0.169529782102153,0.160940435795694,-0.0464374749216154
0.408444152718427,-1.49256761052243,1.16064277781739,-2.33535044636765,-0.332150415709773,2.39450417023727,-0.27165766753923,-0.275878731423469,0.931296644017475,0.931296644017475,1.21470490510664,0.890082283733991,0.0557416077911556,-0.386905535095321,0.297714006162217
-0.150691987931587,0.0778687703120446,-0.961569442959535,0.102403785906075,-0.244980457199479,-1.90531345645783,-0.251288302546432,-0.258249966013006,0.14429675661657,0.14429675661657,1.2861064351976,-0.382384432764131,0.0489264803387086,0.401337962599306,-0.28488344242605
0.408444647120299,-1.10155443254929,0.865779900683087,0.911231594092871,-0.281860055030757,-0.133440411829776,-0.244498514215499,-0.252373710876186,-0.00144396327248616,-0.00144396327248616,0.532423617570759,-0.0715531658132023,0.195690233994388,-0.108619532011223,-0.0434861341625402
0.408196108691356,-0.572272025475261,0.466230212051139,0.436581861513397,-0.275154673606888,-0.133440411829776,-0.16981084257524,-0.181858649234336,-0.615089099647461,-0.615089099647461,-0.290572966109302,-0.764168168457202,0.200615054934906,-0.098769890130189,-0.0364029163407598
0.408447037128411,0.34198605116952,-0.22279243860957,-0.409667229121292,-0.115901864790005,-0.133440411829776,-0.0611742292803183,-0.0525810362242793,-0.817591994651202,-0.817591994651202,-0.800404944127239,-0.8436059649352,0.244232783596981,-0.0115344328052251,-0.0234170170008291
0.408446860963693,0.124643001132114,-0.0588939682420617,0.162213793801041,-0.0371136330595466,-0.133440411829776,-0.203759784229904,-0.21123992491844,-0.417846020098362,-0.417846020098362,-0.542871220209402,0.180110571895216,0.239467564522904,0.0210648671146778,-0.039354257099835
0.408447037128362,0.272406713759678,-0.170322541226865,0.428700212295638,-0.0589061226871201,-0.133440411829776,-0.047594652618453,-0.0584572913611001,-0.861376404381741,-0.861376404381741,-0.852158921841347,-0.842827515095995,0.234233256240499,0.0315334875190013,-0.0240072851526441
0.130390826532698,-0.977558517408234,0.30584277320198,0.830364036335649,-0.224864312927872,-2.14893777242366,-0.264867879208297,-0.270002476286648,0.58151891628374,0.58151891628374,1.88111918595564,-0.0160237634712448,0.152975664953889,0.155473566219191,-0.319173828560531
0.407918347185487,-0.193350510112381,0.180018907784382,0.455255334835288,-0.0488480505513169,-0.133440411829776,-0.190180207568038,-0.199487414644799,-0.511536482884184,-0.511536482884184,-0.382729326928461,-0.322882798156164,0.245796218832197,-0.00839841645924337,-0.0381737207962049
0.408353771589823,-0.0405303831408335,0.0655074072404502,0.0610384444474045,-0.258391220047216,-0.133440411829776,-0.224129149222702,-0.234744945465723,-0.292925403050599,-0.292925403050599,0.351395495824981,-0.498330661167231,0.227318337856236,0.0453633242875116,-0.0417153297070951
0.407613910317919,0.500169879337092,-0.343476693237985,-1.37153705833284,-0.310357926082199,-0.133440411829776,-0.264867879208297,-0.264126221149827,0.931296644017475,0.931296644017476,0.38168705404539,1.04044874048329,0.236169472235632,-0.027661051728821,-0.0446666704661703
0.408447037128411,-0.0467666341173031,0.0703666264751349,-0.501996014833564,-0.19636644187643,-0.133440411829776,-0.149441477582443,-0.152477373550232,-0.648924473767741,-0.648924473767741,-0.670144972235335,-0.366741386380641,0.208196660036341,-0.0836066799273186,-0.0334515755816847
0.408447030207643,2.27870779482483,-1.6832776306116,-2.64408844768762,-0.338855797133642,-1.90531345645783,-0.285237244201095,-0.28763124169711,2.33040755495242,2.33040755495242,1.88111918595564,2.20838486944742,0.0891491119859131,0.318593194718169,-0.287834783185125
0.360764945388813,0.61997896043883,-0.512413443506371,-0.209419817095314,-0.0689641948229233,-0.133440411829776,-6.61343019245429e-05,-0.0290760156769962,-0.923585245479607,-0.923585245479607,-1.09802034227947,-1.5938437223824,0.235053611668541,0.0298927766629182,-0.021055944393569
0.391021445124201,0.0416320199668926,-0.0255261492509525,-0.332510824517774,-0.265096601471085,-0.133440411829776,-0.278447455870163,-0.28175498656029,1.45596323561808,1.45596323561808,1.88111918595564,1.1784609743588,0.198662266517111,0.102675466965778,-0.0464374749216154
0.408391344455687,-0.0742895443566427,0.0910282764553199,1.02062051833852,-0.260067565403183,-0.133440411829776,-0.237708725884567,-0.240621200602544,-0.00144396327248616,-0.00144396327248587,0.242850745535182,-0.0310973101723892,0.215453874959204,0.0690922500815924,-0.0423055978589101
0.408442918901373,0.700065283731588,-0.492827508787112,0.0112920362887691,-0.146076081197414,-0.133440411829776,-0.183390419237106,-0.170106138960695,-0.412947172370998,-0.412947172370999,-0.544432792134468,-0.187213071465054,0.198538503435247,0.102922993129505,-0.0352223800371297
0.407450632266437,0.204362170959049,-0.12068149102359,-0.674583241199337,-0.330474070353805,-0.133440411829776,-0.264867879208297,-0.270002476286648,0.58151891628374,0.58151891628374,1.21470490510664,0.391044512927416,0.207574642128664,0.0848507157426721,-0.0452569386179853
0.408447028729449,-0.0424495979385213,0.0671111280176296,0.580247369708268,-0.243304111843511,-0.133440411829776,-0.210549572560836,-0.21123992491844,-0.302534681285042,-0.302534681285042,-0.251772674453933,-0.164957516920387,0.244596577476351,0.0108039516229802,-0.039354257099835
0.407573812675112,1.06070796167552,-0.766246683407744,0.347815418609512,-0.0421426691274481,-0.133440411829776,-0.190180207568038,-0.187734904371157,-0.434379631178213,-0.434379631178213,-0.461131007028344,-0.193538726562712,0.13936492932735,0.2212701413453,-0.0369931844925748
0.408387547954485,0.183276407212023,-0.103209016867927,0.27472433254216,-0.268449292183019,-0.133440411829776,-0.258078090877365,-0.264126221149827,0.331677682188214,0.331677682188214,0.73869470450021,0.349265140196549,0.194153134734473,0.111693730531054,-0.0446666704661703
0.408074495545242,0.0807194841336156,-0.0263958069756762,1.22838264644186,-0.0874039937385624,-0.133440411829776,-0.217339360891769,-0.193611159507978,0.0433993351549159,0.0433993351549159,-0.402398279890582,0.204532839582373,0.22653259473119,0.0469348105376202,-0.0375834526443899
0.40417377465309,0.14531330044767,-0.0816495219251243,0.317790054830789,0.581457803292348,-0.133440411829776,0.393741588892168,0.382261843900458,-1.05150959555138,-1.05150959555138,-1.26710054223085,-0.7509691548471,0.246532381609884,-0.00693523674395577,0.0202628262334834
0.40844693091716,0.145992685463076,-0.074993684376815,0.5021010804649,0.351798489524842,-0.133440411829776,0.285104975597246,0.235355465479939,-1.03974432854464,-1.03974432854464,-1.17748942150152,-1.1144589960996,0.245470233902676,-0.00905953219464742,0.00550612243810753
0.408428699030892,0.0669191726133268,-0.015394796798755,0.467737048300276,0.469142664442546,-0.133440411829776,0.00672365402900808,0.0296865356912115,-0.88349214625321,-0.88349214625321,-1.0878925277346,-0.341059962899626,0.236993923410959,0.026012153178082,-0.0151532628754186
0.408447037128411,0.373894474141325,-0.246854634964149,0.018588943927238,0.83123326133146,-0.133440411829776,0.556696508834552,0.728960896972884,-1.05261325003135,-1.05261325003135,-1.22870418005976,-1.180636541721,0.239642848401079,0.020707703772789,0.0550886471905703
0.408447036780884,-0.373135911729019,0.31648225651843,0.457372788456331,2.58469050367314,-0.133440411829776,2.63437173809994,2.62111505102917,-1.13948937681725,-1.13948937681725,-1.38664158387948,-1.33379404400054,0.177311093614052,-0.132913009855695,0.245154992075011
0.40844703712687,-0.0452874174879379,0.0692511466815809,0.310763467909052,13.0015005456533,-0.133440411829776,13.8578918491316,13.8212573418096,-1.16157214152905,-1.16157214152905,-1.43623863368312,-1.57588108356952,0.0160823893254783,-0.0878204469179729,1.37020608943446
0.408442040835927,0.039260083718561,0.00548535015919127,-0.495837465782829,-0.338855797133642,-4.00441641921684,-0.285237244201095,-0.28763124169711,2.33040755495242,2.33040755495242,1.88111918595564,2.20838486944742,0.0871231971944659,0.0103130524113672,-0.57311412240426
0.408447037128411,-0.218482888177541,0.199858147448181,0.708784698983932,-0.298623508590429,1.45307025419041,-0.278447455870163,-0.28175498656029,1.45596323561808,1.45596323561808,1.04810133489439,1.68405997740231,0.229436886072278,0.012933754292458,0.169177824802159
-0.952006933806385,-0.601271605540382,-1.79362371609046,-0.264536451562432,-0.338855797133642,-0.133440411829776,-0.285237244201095,-0.28763124169711,2.33040755495242,2.33040755495242,1.88111918595564,2.20838486944742,-0.00128858772059259,0.502577175441185,-0.0470277430734304
0.389438371568353,0.198181630152448,-0.146236063020679,0.357305156332867,-0.335503106421707,-0.133440411829776,-0.278447455870163,-0.28175498656029,1.45596323561808,1.45596323561808,1.88111918595564,1.1784609743588,0.163736873490697,0.172526253018606,-0.0464374749216154
-3.1397052810243,0.393337323706633,1.84902243485738,-2.03349276490847,-0.340532142489609,-1.92799348731122,-0.285237244201095,-0.28763124169711,2.33040755495242,2.33040755495242,1.88111918595564,2.20838486944742,-0.0392806975027467,-0.578839687957003,-0.290917120893238
-1.38810636036194,-0.349918098347083,-1.64975170548527,-1.97269114295494,-0.343884833201543,-1.90531345645783,-0.285237244201095,-0.28763124169711,2.33040755495242,2.33040755495242,1.88111918595564,2.20838486944742,0.072609107404326,0.352851861456748,-0.287834783185125
0.408437902065547,0.0497678925558501,-0.00244554919504018,-0.726828603840876,-0.33382676106574,1.45307025419041,-0.264867879208297,-0.270002476286648,0.58151891628374,0.58151891628374,1.38130847531889,0.268917794280545,0.213317639328914,0.0680511513085856,0.170358361105789
0.408251079225679,-0.274939181465729,0.242103218024345,0.377871168660908,-0.28018370967479,-0.133440411829776,-0.258078090877365,-0.264126221149827,0.331677682188214,0.331677682188215,-0.0229216164700735,1.0799676620776,0.223336803164514,-0.0533263936709613,-0.0446666704661703
0.408447030774815,1.24272031740603,-0.902037700486496,-0.235741100828506,-0.28018370967479,3.2251811549845,-0.258078090877365,-0.264126221149827,0.331677682188214,0.331677682188214,0.73869470450021,0.349265140196549,0.0857444303236812,0.289228927985304,0.41178799529665
0.407240024426512,-1.95425968890052,1.50678565478564,0.42958834118264,-0.221511622215938,-0.133440411829776,-0.203759784229904,-0.217116180055261,-0.467814266917467,-0.467814266917467,-0.359790373822314,-0.120810211461311,0.062878891943349,-0.374242216113302,-0.03994452525165
0.408447037128411,1.69274153294256,-1.24139945839765,-0.695712100815051,-0.295270817878494,4.68084368063678,-0.27165766753923,-0.275878731423469,0.931296644017475,0.931296644017475,0.54829062425764,1.39514626137745,0.051392516616695,0.287805429634169,0.608439795382235
0.408354340227842,2.29383032630408,-1.69483704368458,-2.2360621370189,-0.241627766487544,-0.133440411829776,-0.285237244201095,-0.28763124169711,2.33040755495242,2.33040755495242,1.88111918595564,2.20838486944742,0.0710594127931283,0.357881174413743,-0.0470277430734304
0.408447037128411,1.12058801617347,-0.809937512515012,-1.14463951182081,-0.288565436454626,-0.133440411829776,-0.237708725884567,-0.246497455739365,-0.118036539183731,-0.118036539183731,0.131781698727016,0.0920713216653282,0.16699080831779,0.16601838336442,-0.0428958660107252
0.407340677571748,1.65447118169668,-1.21439562452784,-2.63767519006265,-0.332150415709773,-1.60793487855624,-0.278447455870163,-0.28175498656029,1.45596323561808,1.45596323561808,1.88111918595564,1.1784609743588,0.118454299549408,0.261468796403086,-0.246829173000643
0.394153457961442,-0.724281349937816,0.55730434337068,1.12617466871732,-0.308681580726232,-0.133440411829776,-0.264867879208297,-0.264126221149827,0.931296644017475,0.931296644017476,0.71489419446989,0.71517761659167,0.215179144881941,-0.0696417102361177,-0.0446666704661703
-1.81918112526405,0.956848865412116,0.0588056976485851,-1.08527911265021,-0.286889091098658,-0.133440411829776,-0.230918937553634,-0.240621200602544,-0.213430464929295,-0.213430464929295,0.386735647082125,-0.356444795607842,0.235107489494543,-0.0297850207988855,-0.0423055978589101
0.406428922981636,-1.20579284547914,0.941004915708493,-1.76432237846375,-0.338855797133642,-1.14676992719506,-0.27165766753923,-0.275878731423469,0.931296644017475,0.931296644017475,0.54829062425764,1.39514626137745,0.0675415859306296,-0.364915517862935,-0.183564117127876
0.406926580430375,-0.359215529254962,0.303434326919054,-0.283741988559718,-0.14272339048548,-0.133440411829776,-0.0204354992947224,-0.0467047810874585,-0.90534111101646,-0.90534111101646,-0.896864734778581,-1.19953204838491,0.168987501291245,-0.16202499741751,-0.0228267488490141
-0.995536441480198,0.715743444263131,-1.50466534457775,0.403937308237102,-0.281860055030757,-0.133440411829776,-0.210549572560836,-0.21123992491844,-0.302534681285042,-0.302534681285042,-0.260926716773287,-0.145594260052676,0.0441207455480452,0.41175850890391,-0.039354257099835
0.408446855997943,1.29778554074003,-0.943562772798645,-1.10791751132233,-0.214806240792069,-0.133440411829776,-0.230918937553634,-0.240621200602544,-0.213430464929295,-0.213430464929295,0.265569414200489,-0.245001131872711,0.135439142661549,0.229121714676902,-0.0423055978589101
0.408446544348409,-0.307979479628113,0.267346853547234,0.0458307130403674,-0.313710616794134,-0.133440411829776,-0.244498514215499,-0.246497455739365,0.14429675661657,0.14429675661657,0.373753550701949,0.058671317178395,0.228923848234043,-0.0421523035315007,-0.0428958660107252
-0.397703506174673,-1.1545118503305,-0.446587653790618,-0.689212362763353,-0.338855797133642,-0.133440411829776,-0.251288302546432,-0.258249966013006,0.14429675661657,0.14429675661657,1.34560771027341,-0.391375030502584,0.144310131899557,0.211379736200887,-0.0440764023143553
0.190837636163997,0.645412082440538,-0.81664341150814,-1.25162327028913,-0.293594472522527,-0.133440411829776,-0.224129149222702,-0.234744945465723,-0.292925403050599,-0.292925403050599,0.21508348383314,-0.391694579912325,0.162141438479298,0.175717123041404,-0.0417153297070951
0.408447037128411,-0.465820867866432,0.386376141097633,0.328185745719563,-0.179602988316758,-0.133440411829776,-0.129072112589645,-0.0995910773188455,-0.618487749633537,-0.618487749633537,-0.797353596687453,-0.293656698957039,0.184260733242572,-0.131478533514855,-0.0281391622153494
0.408445540494207,-1.0268644666889,0.80945756826494,-0.0329948478857233,-0.318739652862035,-0.133440411829776,-0.244498514215499,-0.252373710876186,-0.00144396327248616,-0.00144396327248616,0.373753550701949,0.0808541339547454,0.16240335587457,-0.175193288250861,-0.0434861341625402
0.408444844500579,0.483348153900701,-0.329397520237113,-0.191465098747855,-0.275154673606888,-0.133440411829776,-0.251288302546432,-0.258249966013006,0.14429675661657,0.14429675661657,0.572091134287961,0.158006420867593,0.183204450784597,0.133591098430806,-0.0440764023143553
-1.22761382196746,-0.73073050216605,-2.1583254396994,0.12011964596159,-0.167868570824988,-0.133440411829776,-0.149441477582443,-0.158353628687053,-0.669662283712429,-0.669662283712429,-0.643804486826283,-0.462995086091731,-0.0269557812195064,0.553911562439013,-0.0340418437334997
0.40844703712841,-0.559559693414905,0.45706474981979,-0.915962146816579,-0.328797724997838,-0.133440411829776,-0.27165766753923,-0.275878731423469,0.931296644017475,0.931296644017475,1.88111918595564,0.483462979699004,0.233869777128471,-0.032260444834772,-0.0458472067698003
-0.737745781517107,-1.29155283396732,-0.91366121989205,-0.509019324990211,-0.301976199302363,-0.133440411829776,-0.258078090877365,-0.264126221149827,0.331677682188214,0.331677682188215,-0.0229216164700735,1.0799676620776,0.153294401547549,0.193411196904902,-0.0446666704661703
0.408447037128411,0.329975128880705,-0.213734981562305,1.04814538270451,-0.146076081197414,-0.133440411829776,-0.163021054244308,-0.170106138960695,-0.617719007374782,-0.617719007374782,-0.574091322435411,-0.397334891740343,0.196471197464002,0.107057605071996,-0.0352223800371297
-1.28522543912922,0.499098098708672,-1.18208851940086,-0.040360885306257,-0.263420256115118,-0.133440411829776,-0.217339360891769,-0.228868690328903,-0.360190350691702,-0.360190350691702,-0.553856070992627,-0.879185537040137,0.125921727854745,0.248156544290509,-0.0411250615552801
0.40844703579094,-1.13390718708883,0.890181175196404,0.390901416441143,-0.258391220047216,-1.90531345645783,-0.258078090877365,-0.264126221149827,0.331677682188214,0.331677682188214,0.357886544015069,0.679740869315893,0.150200636810901,-0.183678280498786,-0.285473710577865
0.408446734687147,0.456920863462677,-0.309465484540932,0.102793210526727,-0.295270817878494,-0.133440411829776,-0.264867879208297,-0.270002476286648,0.58151891628374,0.58151891628374,1.38130847531889,0.268917794280545,0.146362865429693,0.207274269140613,-0.0452569386179853
0.40385826092003,-0.743958023266959,0.588422234624231,1.11014164439992,-0.293594472522527,-0.133440411829776,-0.237708725884567,-0.246497455739365,-0.118036539183731,-0.118036539183731,-0.0348218714852342,0.248246358369676,0.211911355253568,-0.0761772894928646,-0.0428958660107252
0.370759718430295,1.28450906208696,-0.996770630892445,0.0802273387005004,-0.318739652862035,2.60245142076971,-0.278447455870163,-0.275878731423469,2.33040755495242,2.33040755495242,0.21508348383314,2.02112597943131,0.167253247592651,0.0938933747218062,0.325975151649982
0.14555752747263,0.433005243895949,-0.73242383286067,0.283806677404313,-0.305328890014298,-0.133440411829776,-0.264867879208297,-0.275878731423469,0.231741188550004,0.231741188550004,-0.784537937440357,-0.900112704820041,0.222201870456651,0.0555962590866833,-0.0458472067698003
-0.409301724224853,-0.499056316999081,-0.96032364981493,2.34183435490705,-0.298623508590429,0.0747654264175249,-0.264867879208297,-0.264126221149827,0.931296644017475,0.931296644017476,0.881497764682139,0.618570611810629,0.0340263053050121,0.431947389389976,-0.0163703815224939
0.408446959861176,0.361353320412311,-0.23739745909543,-0.88132154547938,-0.286889091098658,-0.376023620778117,-0.230918937553634,-0.240621200602544,-0.213430464929295,-0.213430464929295,0.0232369484372165,-0.0203953008752467,0.237910765880431,0.0240161218561329,-0.0752739556680382
0.408404709055422,-0.382698906551438,0.323622723077172,0.0885008502401046,-0.122607246213873,-0.133440411829776,0.00672365402900808,-0.00557099512971313,-0.913907600838752,-0.913907600838752,-0.933800688091648,-0.921572949834309,0.179991613427314,-0.140016773145371,-0.0186948717863088
0.408419868704823,-1.0182498240953,0.802918187460303,1.05758044307249,-0.176250297604824,-0.133440411829776,-0.190180207568038,-0.205363669781619,-0.550114908737169,-0.550114908737169,-0.304327646828579,-0.454669077375079,0.181804140517458,-0.136391718965084,-0.0387639889480199
0.408446833737509,0.0576134217587436,-0.00834689342847449,0.326414652685393,-0.2081008593682,-1.90531345645783,-0.176600630906173,-0.187734904371157,-0.584406842828712,-0.584406842828712,-0.206153613194735,-0.755733812890168,0.194645676284977,0.0351173105439254,-0.27780022460427
0.408447037128411,0.269250678030114,-0.167942569283514,1.05021468071022,0.0902886139939601,-0.133440411829776,-0.149441477582443,-0.117219842729308,-0.524497614099613,-0.524497614099614,-0.645685950069787,-0.440842941935117,0.201602960352045,0.0967940792959092,-0.0299099666707945
-0.802679187471912,-0.59000691784425,-1.55162312266866,0.141305088863914,-0.260067565403183,-0.133440411829776,-0.122282324258712,-0.140724863276591,-0.76378003653832,-0.76378003653832,-0.68998685143956,-1.15299120589061,0.0659191642977388,0.368161671404522,-0.0322710392780546
0.406687964445395,0.1906079917676,-0.11158880611677,0.638321099668926,-0.206424514012233,-0.133440411829776,-0.135861900920577,-0.158353628687053,-0.747636449104455,-0.747636449104455,-0.422356263065902,-0.948128707804871,0.218195835343884,0.063608329312232,-0.0340418437334997
0.40841698548506,0.73397342461115,-0.518441198799079,0.200763530094474,0.688743906074249,-0.133440411829776,0.305474340590044,0.294118016848146,-1.03505679915982,-1.03505679915982,-1.14534216227353,-1.16229837611513,0.188477533453755,0.123044933092491,0.0114088039562579
0.408447037128411,0.0710337395023333,-0.0184668368139533,0.186286727481614,0.889905348790312,-0.133440411829776,0.719651428776935,0.711332131562421,-1.08768525990785,-1.08768525990785,-1.29507543290352,-1.16501217609393,0.228705689623008,-0.0425886189818546,0.0533178427351252
0.408447037123968,-0.243065185364898,0.218395699807121,0.302498488198027,0.405441540915793,-0.133440411829776,0.482008837194293,0.482158181226411,-1.06275104669846,-1.06275104669846,-1.19675458287359,-1.26816375909301,0.191545594991233,-0.116908810017534,0.0302973848143389
0.40844703712841,1.85072919166177,-1.36053822213603,-2.37615517152107,-0.34556117855751,1.00169782868849,-0.285237244201095,-0.28763124169711,2.33040755495242,2.33040755495242,1.88111918595564,2.20838486944742,0.125131738109886,0.249736523771687,0.10724362566009
0.408446938740353,-1.11120922888137,0.873064443277568,-0.776947137586028,-0.33382676106574,-0.133440411829776,-0.285237244201095,-0.28763124169711,2.33040755495242,2.33040755495242,1.88111918595564,2.20838486944742,0.131203093835154,-0.237593812329692,-0.0470277430734304
0.396610150190983,-0.343204539861567,0.274054737542516,1.02013247297522,-0.317063307506068,4.68084368063678,-0.264867879208297,-0.264126221149827,0.931296644017475,0.931296644017476,0.38168705404539,1.04044874048329,0.0779678922166406,-0.0366319123671711,0.609620331685865
0.408413136316221,1.63368566276168,-1.19692219381939,-1.75437229067208,-0.325445034285904,-0.133440411829776,-0.258078090877365,-0.264126221149827,0.331677682188214,0.331677682188214,1.11950286498535,0.0714304774988468,0.0969751627285287,0.306049674542943,-0.0446666704661703
0.407993550032112,-2.52341466705179,1.93725042677452,0.856772414579503,-0.308681580726232,-1.90531345645783,-0.278447455870163,-0.28175498656029,1.45596323561808,1.45596323561808,1.88111918595564,1.1784609743588,0.0764492022654651,-0.344983819452091,-0.28724451503331
0.408407346945279,1.1964602552255,-0.867219477548309,-1.70597963587373,-0.33382676106574,-0.133440411829776,-0.285237244201095,-0.28763124169711,2.33040755495242,2.33040755495242,1.88111918595564,2.20838486944742,0.168188064485947,0.163623871028106,-0.0470277430734304
0.22795788499048,-2.41508382733958,1.55355051522081,0.812615967665832,-0.30365254465833,-0.133440411829776,-0.210549572560836,-0.222992435192082,-0.417846020098362,-0.417846020098362,-0.105307997344263,-0.347461150468346,0.0760714907640408,-0.347857018471918,-0.040534793403465
0.408446987646697,0.471204448551954,-0.320236336157994,-0.364035362096624,-0.313710616794134,-0.133440411829776,-0.258078090877365,-0.258249966013006,0.58151891628374,0.58151891628374,0.738694704500211,0.303694445283537,0.202536181081671,0.0949276378366578,-0.0440764023143553
0.408447037128411,1.06400147923942,-0.76726550820017,-0.385332886803949,-0.179602988316758,-0.133440411829776,-0.210549572560836,-0.217116180055261,-0.360190350691702,-0.360190350691702,-0.196848420537807,-0.244658819638645,0.156547868841207,0.186904262317585,-0.03994452525165
0.408447037128407,1.21133283142593,-0.87836833295056,-1.63834599872344,-0.298623508590429,-0.133440411829776,-0.285237244201095,-0.28763124169711,2.33040755495242,2.33040755495242,1.88111918595564,2.20838486944742,0.162755997910113,0.174488004179773,-0.0470277430734304
0.405676108548391,-1.45821388265977,1.13009321548307,1.62999316777453,-0.32209234357397,-0.133440411829776,-0.237708725884567,-0.246497455739365,-0.118036539183731,-0.118036539183731,0.298385268939265,-0.106657876883588,0.17234533198596,-0.15530933602808,-0.0428958660107252
0.408417639839685,0.28414153498522,-0.179221103551748,-0.0708361756336479,-0.270125637538986,-0.133440411829776,-0.230918937553634,-0.234744945465723,-0.118036539183731,-0.118036539183731,0.124208809171913,-0.11347833320779,0.218403902063633,0.0631921958727343,-0.0417153297070951
0.408447037128411,-0.804723979934124,0.641943557731061,0.310451743471005,-0.253362183979315,-0.133440411829776,-0.237708725884567,-0.234744945465723,0.115148612638759,0.115148612638759,0.104014437024974,0.0790812772122865,0.174904588573121,-0.150190822853757,-0.0417153297070951
0.12550387714653,-0.339719647426304,-0.183350402689639,0.207760087336295,-0.281860055030757,-0.133440411829776,-0.176600630906173,-0.187734904371157,-0.584406842828712,-0.584406842828712,-0.433105845062815,-0.463495402773995,0.227520216158073,0.0449595676838549,-0.0369931844925748
0.408272598659885,0.517170548680679,-0.355191986119787,0.294307798880607,-0.310357926082199,-0.133440411829776,-0.251288302546432,-0.258249966013006,0.14429675661657,0.14429675661657,0.39358730906055,0.328669517601475,0.175007305282282,0.149985389435437,-0.0440764023143553
0.36792958522161,0.397488682755809,-0.332614556168421,-0.75965750903137,-0.130988972993709,-0.133440411829776,-0.0815435942731162,-0.0760860567715624,-0.789768766308746,-0.789768766308746,-0.798095852611589,-0.74009595819544,0.247655897916641,-0.00468703603130501,-0.0257780896080892
0.408447037128411,0.541841718940929,-0.373503939605423,0.16612490097522,-0.0337609423476122,-0.133440411829776,-0.210549572560836,-0.21123992491844,-0.302534681285042,-0.302534681285042,-0.37077522460554,0.0327894254696026,0.194214671735894,0.111570656528212,-0.039354257099835
0.32785631783962,-1.44579290465996,0.990184868066015,0.547672927414223,-0.172897606892889,-0.133440411829776,-0.115492535927779,-0.105467332455666,-0.709327459876474,-0.709327459876474,-0.70235497972882,-0.67356428668593,0.116951082016734,-0.266097835966531,-0.0287294303671644
0.408447037128411,0.504515158479881,-0.345355916500412,0.558966405043296,0.0433509440268787,-0.133440411829776,-0.0408048642875204,-0.0525810362242793,-0.869987848603219,-0.869987848603219,-0.869416613762519,-0.811079528852328,0.202223790286736,0.0955524194265275,-0.0234170170008291
0.339208235936612,-0.835150265402128,0.548740901092018,1.23373971203283,-0.286889091098658,-0.133440411829776,-0.244498514215499,-0.252373710876186,-0.00144396327248616,-0.00144396327248616,0.611758651005163,-0.144665985688374,0.247684628063364,0.00425102364791478,-0.0434861341625402
0.408447037106849,-0.687934996050911,0.553872785136407,-0.556707814507301,-0.338855797133642,1.16481144438395,-0.27165766753923,-0.275878731423469,0.931296644017475,0.931296644017475,1.88111918595564,0.483462979699004,0.230212619802003,-0.0355840590584238,0.130592176267355
0.408445772860305,-2.43290964538257,1.86975903288605,0.657841788863849,-0.332150415709773,-0.133440411829776,-0.27165766753923,-0.275878731423469,0.931296644017475,0.931296644017475,1.21470490510664,0.890082283733991,0.0598042309131452,-0.38039153817371,-0.0458472067698003
0.40844703712687,-0.553773532114046,0.452701395680791,1.17431971633208,-0.343884833201543,-0.133440411829776,-0.285237244201095,-0.28763124169711,2.33040755495242,2.33040755495242,1.88111918595564,2.20838486944742,0.248464174760599,-0.000224797273211792,-0.0470277430734304
0.398664596339253,2.23415717615956,-1.6660918359083,-2.31088605071671,-0.310357926082199,-0.133440411829776,-0.278447455870163,-0.28175498656029,1.45596323561808,1.45596323561808,1.88111918595564,1.1784609743588,0.0476480711214585,0.404703857757083,-0.0464374749216154
0.314680076377279,1.49841801263555,-1.25215259213751,-0.833617164326889,-0.22654065828384,-0.133440411829776,-0.237708725884567,-0.240621200602544,-0.00144396327248616,-0.00144396327248602,0.576057885959681,-0.349957403797704,0.0786347795367865,0.342730440926427,-0.0423055978589101
0.408447028680981,0.610432126039049,-0.425228097118649,-1.19418127296545,-0.312034271438166,-0.133440411829776,-0.210549572560836,-0.228868690328903,-0.475501689505021,-0.475501689505021,-0.572164155631336,-0.877288694443643,0.238532660900075,-0.0229346738344996,-0.0411250615552801
0.408447037128411,1.84573100924856,-1.35676908422692,-1.94059230814728,-0.327121379641871,-0.133440411829776,-0.27165766753923,-0.28175498656029,0.406630052416872,0.406630052416872,-1.11774507786486,-0.787757370810374,0.242030760625537,0.0159358164332493,-0.0464374749216154
0.408447012758897,0.0641639220954794,-0.0132863366335362,0.302784392792803,0.172429536436353,-0.133440411829776,0.264735610604448,0.32349929253225,-1.00783254880587,-1.00783254880587,-1.15479218383918,-1.02062554180354,0.223823281791192,-0.0523534364176169,0.014360144715333
0.408447036584768,-0.602257229217395,0.489263033706934,0.609809723368925,-0.134341663705644,-0.133440411829776,0.0542521723455365,0.0296865356912115,-0.954152529862196,-0.954152529862196,-1.04557342967422,-0.778995294107442,0.16904974840263,-0.16190050319474,-0.0151532628754186
0.408447037128411,-0.159758341591265,0.15557386639671,0.381999857363223,0.164047809656517,-0.133440411829776,0.210417303956987,0.24710797575358,-0.99616272933632,-0.99616272933632,-1.14348213010533,-0.918104459896555,0.207589063099612,-0.0848218738007766,0.0066866587417376
0.408447035413294,1.22953218899719,-0.892092502509076,-2.38580799961031,-0.320415998218002,0.148743707943223,-0.285237244201095,-0.28763124169711,2.33040755495242,2.33040755495242,1.88111918595564,2.20838486944742,0.186321314998522,0.127357370002956,-0.00867740930935185
0.408348498105226,-0.913258105212112,0.723624029387954,0.552229466677002,-0.0857276483825952,-0.133440411829776,0.0542521723455365,0.0296865356912115,-0.954152529862196,-0.954152529862196,-0.934769894119414,-1.13695019860846,0.14085287770538,-0.218294244589241,-0.0151532628754186
0.408447032601961,-1.47579849236634,1.14800198809233,1.16971878348612,-0.1008147565863,-0.133440411829776,-0.176600630906173,-0.175982394097516,-0.523042329191214,-0.523042329191215,-0.257733665892026,-0.714730736956888,0.140845430070015,-0.218309139859969,-0.0358126481889448
0.408447037125873,-0.143953926447266,0.143655729892877,0.940829545471515,-0.0706405401788905,-0.133440411829776,-0.0815435942731162,-0.087838567045204,-0.809642500839072,-0.809642500839072,-0.847563921479596,-0.605482332032425,0.242471339316244,-0.0150573213660281,-0.0269586259117193
-0.749524036393616,-0.476480149813147,-1.54806679182592,0.609519586351861,-0.0656115041109889,-0.133440411829776,-0.176600630906173,-0.164229883823874,-0.461677815553717,-0.461677815553717,-0.498440578479384,-0.355259492946573,0.0320956147935632,0.435808770412874,-0.0346321118853147
0.408446914345154,-1.45986929050438,1.13598955134102,-0.623148046824445,-0.102491101942267,-0.133440411829776,0.434480318877764,0.599683283962827,-1.03098849826857,-1.03098849826857,-1.29043873256942,-0.513728504314498,0.0190628355570938,-0.461874328885812,0.0421027478506396
0.408408894966236,0.034333471653466,0.00914491498959528,0.15255404609095,0.0886122686379929,-0.133440411829776,-0.14265168925151,-0.158353628687053,-0.711137903601804,-0.711137903601804,-1.0360895730968,0.55454839989603,0.243609152796976,-0.0127816567202232,-0.0340418437334997
0.40844703572312,-1.69194358759892,1.31099737944165,0.338806063815244,-0.241627766487544,-0.133440411829776,-0.176600630906173,-0.193611159507978,-0.615089099647461,-0.615089099647461,-0.46405387668119,-0.427567723185794,0.0806941758165585,-0.338611648366883,-0.0375834526443899
0.335092829776878,-0.310463101465085,0.146169873846091,0.436035129402563,0.497640535493988,-0.133440411829776,0.420900742215899,0.3940143541741,-1.05819910378351,-1.05819910378351,-1.23583690492061,-0.910278483946886,0.21495741793103,-0.0700851641379396,0.0214433625371134
0.408447036037638,-0.2902457680757,0.253974656127433,0.097025384754855,-0.288565436454626,-0.133440411829776,-0.230918937553634,-0.240621200602544,-0.213430464929295,-0.213430464929295,0.104014437024974,-0.0797474738324592,0.23299293567524,-0.0340141286295585,-0.0423055978589101
0.408447037125886,2.05597236676276,-1.51531245163074,-2.07957511163041,-0.270125637538986,-0.133440411829776,-0.196969995898971,-0.21123992491844,-0.511536482884184,-0.511536482884184,-0.356128756894573,-0.249814991540325,0.119756224459573,0.260487551080854,-0.039354257099835
-3.66541276124686,0.256018166708166,2.62733714834116,-1.35728359968237,-0.330474070353805,-0.133440411829776,-0.27165766753923,-0.275878731423469,0.931296644017475,0.931296644017475,1.21470490510664,0.890082283733991,-0.106098288569242,-0.712196577138483,-0.0458472067698003
0.40844700829728,-0.613273040377273,0.497570028297463,1.19904843505616,-0.107520138010169,-0.133440411829776,-0.0883333826040488,-0.105467332455666,-0.818297191682923,-0.818297191682923,-0.792599400515144,-0.676292594846084,0.205475671917225,-0.0890486561655493,-0.0287294303671644
0.408445648394521,0.349813602060442,-0.228697537711109,-0.154435340824264,0.308213510269695,-0.133440411829776,0.190047938964189,0.229479210343118,-0.98768938279569,-0.98768938279569,-1.15088578419108,-0.792711233510778,0.249996228752683,7.54249463418705e-06,0.0049158542862925
0.408447036483978,2.11550920502479,-1.56020928430142,-1.96085993666576,-0.174573952248856,-0.133440411829776,-0.237708725884567,-0.246497455739365,-0.118036539183731,-0.118036539183731,0.326152530641307,-0.103098146330412,0.0783782367988605,0.343243526402279,-0.0428958660107252
0.401292609598569,0.366127667820942,-0.252999130309725,-0.27200715316224,-0.317063307506068,-0.133440411829776,-0.278447455870163,-0.28175498656029,1.45596323561808,1.45596323561808,1.04810133489439,1.68405997740231,0.216275202382292,0.0674495952354164,-0.0464374749216154
0.408445895465431,-3.33274974358825,2.54833019613151,-1.95242183718469,-0.33382676106574,-0.133440411829776,-0.27165766753923,-0.275878731423469,0.931296644017475,0.931296644017475,1.21470490510664,0.890082283733991,-0.115134230497721,-0.730268460995443,-0.0458472067698003
0.40843941036473,1.91933545396533,-1.41228711571125,-1.20086750415546,-0.317063307506068,-0.133440411829776,-0.264867879208297,-0.270002476286648,0.58151891628374,0.58151891628374,1.38130847531889,0.268917794280545,0.0435645871424475,0.412870825715105,-0.0452569386179853
0.408447037128402,-0.1416627704769,0.141927965259968,0.656451192271746,0.859731132382902,-0.133440411829776,0.570276085496417,0.734837152109704,-1.05552219316775,-1.05552219316775,-1.28986104188643,-0.777564399790677,0.231971390811263,-0.0360571632697671,0.0556789153423853
0.405188212164958,-0.0465955493303584,0.0647709754957868,0.824993274126675,-0.104167447298234,-0.133440411829776,-0.176600630906173,-0.164229883823874,-0.461677815553717,-0.461677815553717,-0.457176536321551,-0.444747750352006,0.239457393448612,0.0210852130470578,-0.0346321118853147
0.377719474223706,-0.88392702353071,0.650125629234032,0.247332853616957,-0.228217003639807,-0.133440411829776,-0.115492535927779,-0.13484860813977,-0.778727802680787,-0.778727802680787,-0.684046895090112,-0.710050190611587,0.153981914632307,-0.192036170735386,-0.0316807711262396
0.408384270575125,0.0753326765356473,-0.0218139626463061,0.308802035690586,0.0601143975865507,-0.133440411829776,-0.101912959265914,-0.123096097866129,-0.805530693694866,-0.805530693694866,-0.945396556955633,-0.13193101458888,0.248748853539762,0.00236074792129759,-0.0305002348226095
0.408447032472058,-0.163845252017447,0.158655804730345,0.264444492732278,-0.260067565403183,-0.133440411829776,-0.210549572560836,-0.222992435192082,-0.417846020098362,-0.417846020098362,-0.132770124302326,-0.314897884396546,0.244085303478875,-0.0118269351849002,-0.040534793403465
0.405824604189661,-1.48691367133506,1.15198487469354,-0.946682032490009,-0.310357926082199,-0.133440411829776,-0.230918937553634,-0.234744945465723,-0.118036539183731,-0.118036539183731,-0.178706773032177,0.213728280547805,0.0593555521896914,-0.381288895620617,-0.0417153297070951
0.408169735379493,0.477738880061561,-0.32562904913959,-0.793173302113398,-0.231569694351741,-0.133440411829776,-0.285237244201095,-0.28763124169711,2.33040755495242,2.33040755495242,1.88111918595564,2.20838486944742,0.205246776189266,0.0895064476214671,-0.0470277430734304
0.0108981671523856,1.71637321679685,-1.9261031076353,-1.83143389844975,-0.290241781810593,-0.133440411829776,-0.251288302546432,-0.258249966013006,0.14429675661657,0.14429675661657,0.572091134287961,0.158006420867593,0.0255020356878505,0.448995928624299,-0.0440764023143553
0.408447037128411,0.0918986192568923,-0.0342010783342102,-0.185044594600118,-0.32209234357397,-0.133440411829776,-0.27165766753923,-0.275878731423469,0.931296644017475,0.931296644017475,1.88111918595564,0.483462979699004,0.176878828391324,0.146242343217353,-0.0458472067698003
0.408447037128081,1.73678938323771,-1.27461601766644,-0.877710397369251,-0.246656802555446,-0.133440411829776,-0.27165766753923,-0.275878731423469,0.931296644017475,0.931296644017475,1.88111918595564,0.483462979699004,0.0311225884381673,0.437754823123665,-0.0458472067698003
0.408446905723954,-0.636712851675468,0.515245858034785,1.0596962189655,-0.273478328250921,2.60245142076971,-0.230918937553634,-0.234744945465723,-0.118036539183731,-0.118036539183731,-0.562399843824025,-0.829980940738362,0.149665565680619,-0.156293112676818,0.330107028712687
-3.65351146086924,-0.0931670011422628,2.3440517423345,0.770057648349784,1.33413686812162,-0.133440411829776,1.05235105699263,1.08153620518213,-1.10541160729642,-1.10541160729642,-1.34397785950194,-0.866852075463086,-0.0570787856934056,-0.614157571386811,0.0905047362994723
0.406539207086307,0.573398798094104,-0.400501546574073,0.511719602893938,0.492611499426087,-0.133440411829776,0.196837727295122,0.211850444932656,-0.998373078663159,-0.998373078663158,-1.09910677891417,-1.05467837451285,0.196290260109469,0.107419479781063,0.0031450498308474
0.408447037128411,-0.338152525339709,0.290101225572782,0.30200130111914,-0.255038529335282,-0.133440411829776,-0.190180207568038,-0.193611159507978,-0.472958057031198,-0.472958057031198,-0.245526386753668,-0.525894201085618,0.219997451468518,-0.0600050970629635,-0.0375834526443899
0.40844703712836,0.0571294033441595,-0.00798155312848498,0.249612250755777,1.70460919179037,-0.133440411829776,1.24925491858968,1.32246266579178,-1.11190048953358,-1.11190048953358,-1.33260981813849,-1.16078870797351,0.239725972425981,-0.0111831453389775,0.114705730523889
-0.943774012637243,-0.344558113504569,-1.97340118358724,0.457412203992642,0.817822498483722,-0.133440411829776,0.848657407064655,0.92875357162479,-1.09103465963205,-1.09103465963205,-1.27854142304012,-1.26794727369627,0.0129050081276768,0.474189983744646,0.0751577643522814
-1.23325396589096,-0.823698201218299,-2.09767960540412,1.72233899917437,-0.312034271438166,-0.133440411829776,-0.264867879208297,-0.264126221149827,0.931296644017475,0.931296644017476,0.38168705404539,0.991202084342691,-0.0686546229722996,0.637309245944599,-0.0446666704661703
-3.56100474208182,-0.400175228342574,1.95735751925735,-0.434247123270152,-0.317063307506068,-0.133440411829776,-0.27165766753923,-0.264126221149827,1.98062982721868,1.98062982721868,-0.118123656591359,1.81888637821391,-0.117213469436839,-0.734426938873678,-0.0446666704661703
-0.946200085506561,0.436559552151126,-1.79795947798311,-2.58585446447421,-0.313710616794134,1.51012685516295,-0.251288302546432,-0.252373710876186,0.331677682188214,0.331677682188214,-0.0229216164700735,0.739572950883541,0.109032482687967,0.281924402809467,0.179883463331431
0.384216411627094,-1.05446288503293,0.789625540473725,-1.24538042532781,-0.332150415709773,-0.133440411829776,-0.278447455870163,-0.28175498656029,1.45596323561808,1.45596323561808,1.88111918595564,1.1784609743588,0.160206765368679,-0.179586469262642,-0.0464374749216154
0.386141362009253,0.547236882573571,-0.414989915865238,-0.136039899439836,-0.308681580726232,-0.133440411829776,-0.217339360891769,-0.228868690328903,-0.360190350691702,-0.360190350691702,-0.00627790316215622,-0.303041537740719,0.189720379728969,0.120559240542063,-0.0411250615552801
-3.49744109143015,-0.419525607637265,1.83613818431059,0.500080812047279,0.187516644640057,-0.133440411829776,0.420900742215899,0.370509333626816,-1.06189980271915,-1.06189980271915,-1.20179180928211,-1.1154598966932,-0.022928075448833,-0.545856150897666,0.0190822899298533
0.363249468591347,0.628675125630783,-0.514803481839976,-0.0297979157051608,-0.310357926082199,-0.133440411829776,-0.230918937553634,-0.240621200602544,-0.213430464929295,-0.213430464929295,0.507901879963761,-0.483703031381986,0.149541049976711,0.200917900046578,-0.0423055978589101
0.408076589140579,2.82672011114213,-2.09715606590701,-2.7933057007471,-0.313710616794134,-0.133440411829776,-0.285237244201095,-0.28763124169711,2.33040755495242,2.33040755495242,1.88111918595564,2.20838486944742,0.0394089794422332,0.421182041115534,-0.0470277430734304
0.408447037128411,-0.137454470553376,0.138754479087751,0.262515828464976,1.2788174713747,-0.133440411829776,1.0659306336545,1.05803118463485,-1.10766922356235,-1.10766922356235,-1.31205353910117,-1.19918468075818,0.213209779018543,-0.0735792440989453,0.0881436636922122
0.408447037030243,-0.982787149322414,0.776221298247138,1.32808866219616,-0.283536400386724,-0.133440411829776,-0.237708725884567,-0.246497455739365,-0.118036539183731,-0.118036539183731,0.687126932767848,-0.429497067138639,0.232216308331874,-0.0355673833214207,-0.0428958660107252
0.408337039891477,-0.348260472361954,0.297539126809884,-0.638214429711295,-0.317063307506068,-0.133440411829776,-0.258078090877365,-0.264126221149827,0.331677682188214,0.331677682188214,1.11950286498535,0.0714304774988468,0.241519666854215,-0.0169598550268454,-0.0446666704661703
0.408447037124099,-0.234158134789099,0.211678877729219,1.34176967385078,-0.317063307506068,-0.133440411829776,-0.258078090877365,-0.264126221149827,0.331677682188214,0.331677682188214,0.73869470450021,0.349265140196549,0.203650699061428,0.0926986018771435,-0.0446666704661703
-1.45098134424714,1.27983095137362,-0.315283207334182,-0.336865823923076,-0.276831018962855,-0.133440411829776,-0.203759784229904,-0.21123992491844,-0.417846020098362,-0.417846020098362,-0.33049743840038,-0.176518062103425,0.224698505772133,0.0506029884557339,-0.039354257099835
-1.95081570412056,-1.76244486691047,-1.7710030983496,-0.0278608850247924,-0.22654065828384,-0.133440411829776,-0.149441477582443,-0.170106138960695,-0.711137903601804,-0.711137903601805,-1.02950445174453,-0.219338130410567,0.051609375172672,0.396781249654656,-0.0352223800371297
0.403190812056753,0.423529511425609,-0.293101749335289,0.176357498269164,-0.120930900857906,-0.133440411829776,-0.129072112589645,-0.123096097866129,-0.683062099368996,-0.683062099368996,-0.615371235378688,-0.679463443482369,0.217563822470293,0.0648723550594147,-0.0305002348226095
0.0217212287651021,0.284119838615487,-0.827882842441942,0.171073790200262,-0.213129895436102,1.45307025419041,-0.237708725884567,-0.234744945465723,0.115148612638759,0.115148612638759,-0.368029011909734,0.7247351157834,0.154483909862837,0.190922690042951,0.173899970016679
0.408447037128411,-0.317159400102895,0.274270273914944,0.0201167709444288,-0.328797724997838,-0.133440411829776,-0.278447455870163,-0.28175498656029,1.45596323561808,1.45596323561808,1.04810133489439,1.68405997740231,0.222705749517507,-0.0545885009649421,-0.0464374749216154
0.408447035382747,-1.12563319380847,0.883941742023124,1.15999714251186,-0.32209234357397,-0.133440411829776,-0.264867879208297,-0.264126221149827,0.931296644017475,0.931296644017476,0.54829062425764,0.84001687660241,0.16317841548958,-0.173643169020841,-0.0446666704661703
0.40174292577296,1.72357802046181,-1.27589936426414,-2.33006627730524,-0.343884833201543,0.982353296166981,-0.285237244201095,-0.28763124169711,2.33040755495242,2.33040755495242,1.88111918595564,2.20838486944742,0.134775377761211,0.230449244461897,0.104614600046223
0.408447037128403,0.846815368587895,-0.603485090578093,-1.93122081010616,-0.330474070353805,0.36384835999569,-0.27165766753923,-0.275878731423469,0.931296644017475,0.931296644017475,1.21470490510664,0.890082283733991,0.196258148661081,0.107483702677838,0.021737001696562
0.408447035733298,-1.6933929271402,1.31209032888644,-0.949613822063092,-0.330474070353805,2.95936451986539,-0.258078090877365,-0.264126221149827,0.331677682188214,0.331677682188214,0.73869470450021,0.349265140196549,0.0678829169637412,-0.349511021195139,0.375662090390793
0.408447037128411,-0.549752250445216,0.449668940296973,1.35713067171037,-0.288565436454626,-0.133440411829776,-0.230918937553634,-0.246497455739365,-0.30882439067486,-0.308824390674859,-0.441233610942389,-0.972672925413926,0.205721379620765,-0.088557240758469,-0.0428958660107252
-1.53770229869906,-0.69855199676596,-1.66171192254139,0.109205097002471,-0.243304111843511,-0.133440411829776,-0.129072112589645,-0.152477373550232,-0.76378003653832,-0.76378003653832,-1.1228713415637,-1.63783507633709,0.0858458910816773,0.328308217836645,-0.0334515755816847
0.408447035703083,1.25777729535456,-0.913392185051093,-0.136456166827799,-0.124283591569841,-0.133440411829776,-0.264867879208297,-0.270002476286648,0.58151891628374,0.58151891628374,0.714894194469889,0.757128471822551,0.102112865046808,0.295774269906385,-0.0452569386179853
0.400514025651412,-0.00761917387221389,0.0275379382041076,0.966211219644107,0.0969939954178289,-0.133440411829776,-0.0951231709349815,-0.0995910773188455,-0.783742537128583,-0.783742537128582,-0.804552604384654,-0.616543959181124,0.231082479543944,0.0378350409121124,-0.0281391622153494
0.408446041722761,-0.522287326925102,0.42895592470144,0.522211295641069,-0.19636644187643,-0.133440411829776,-0.129072112589645,-0.140724863276591,-0.73149286167059,-0.73149286167059,-0.599992444282173,-0.726976662544755,0.197130022663032,-0.105739954673936,-0.0322710392780546
0.408446994010627,0.736091737215894,-0.519988283054915,-0.399169624149431,-0.0974620658743656,-0.133440411829776,-0.0747538059421836,-0.0702098016347416,-0.802628241593074,-0.802628241593075,-0.736539181583754,-0.900777208676902,0.211905847924407,0.0761883041511857,-0.0251878214562742
0.408447036957684,-0.254357305922085,0.22691110695984,-0.153390960546012,-0.0739932308908248,-0.133440411829776,0.0814113256692671,0.0649440665121361,-0.963551873517535,-0.963551873517535,-1.01320503859292,-0.995998198456445,0.180453120092227,-0.139093759815546,-0.0116116539645284
0.408446035487982,-0.408910665374966,0.343458379793653,-0.300097233533727,-0.313710616794134,-0.133440411829776,-0.278447455870163,-0.28175498656029,1.45596323561808,1.45596323561808,1.04810133489439,1.68405997740231,0.20387161579336,-0.0922567684132802,-0.0464374749216154
-3.64612429004804,-1.23693379750637,1.46914336328264,-0.534052506534187,-0.320415998218002,-0.133440411829776,-0.27165766753923,-0.275878731423469,0.931296644017475,0.931296644017475,1.88111918595564,0.483462979699004,0.112472871991661,-0.275054256016679,-0.0458472067698003
0.406957206419728,-0.186286794182659,0.173079846631293,-2.34817731275269,-0.332150415709773,-0.133440411829776,-0.285237244201095,-0.28763124169711,2.33040755495242,2.33040755495242,1.88111918595564,2.20838486944742,0.173045177209576,-0.153909645580849,-0.0470277430734304
0.152711813487888,1.31908359932433,-1.38861581677356,-2.27493317504511,-0.338855797133642,1.48107267263722,-0.285237244201095,-0.28763124169711,2.33040755495242,2.33040755495242,1.88111918595564,2.20838486944742,0.117778933508263,0.26443401085666,0.172393235348707
0.408447037128411,-1.04069786469635,0.819891867953691,2.87842400168369,-0.325445034285904,-0.429797577903311,-0.27165766753923,-0.275878731423469,0.931296644017475,0.931296644017475,1.21470490510664,0.890082283733991,0.228408403658791,0.0431390590741457,-0.0861237334625119
0.408447037128411,0.643336070292823,-0.450041003604728,2.19919021975075,-0.181279333672725,-0.133440411829776,-0.27165766753923,-0.275878731423469,0.931296644017475,0.931296644017475,0.54829062425764,1.39514626137745,0.111261326382506,0.277477347234988,-0.0458472067698003
0.408447037128411,0.955850657582735,-0.685708788555584,0.727263031612524,-0.30365254465833,-0.133440411829776,-0.27165766753923,-0.270002476286648,1.45596323561808,1.45596323561808,0.54829062425764,1.36946504217524,0.162712763896605,0.174574472206791,-0.0452569386179853
0.347032515606739,0.0266597882345851,-0.0880264094508058,0.266562390719034,-0.312034271438166,-0.133440411829776,-0.237708725884567,-0.246497455739365,-0.118036539183731,-0.118036539183731,0.270618007237224,-0.0599886817748762,0.211088147687475,0.077823704625051,-0.0428958660107252
0.408447035987642,-1.8131017364569,1.40236294722646,1.31666040200107,-0.298623508590429,-0.133440411829776,-0.264867879208297,-0.270002476286648,0.58151891628374,0.58151891628374,0.714894194469889,0.757128471822551,0.129302049257127,-0.241395901485745,-0.0452569386179853
0.408447037127249,-1.55441202688782,1.20728459656456,-0.771145306261454,-0.340532142489609,-0.133440411829776,-0.244498514215499,-0.252373710876186,-0.00144396327248616,-0.00144396327248616,0.294418517267545,0.142369131641198,0.0802471306195208,-0.339505738760958,-0.0434861341625402
0.408447037128255,-0.00292855866562078,0.0373082587749919,0.540483497043984,-0.198042787232397,-0.133440411829776,-0.190180207568038,-0.199487414644799,-0.511536482884184,-0.511536482884184,-0.240626281747425,-0.547758844264796,0.233770871575732,0.0324582568479184,-0.0381737207962049
0.195184088938612,-2.40697754027043,1.49245994213114,-0.304032853352343,-0.315386962150101,-0.133440411829776,-0.258078090877365,-0.270002476286648,0.0818364480926889,0.0818364480926891,-0.498931817076501,-1.03845498683194,-0.0124501091431601,-0.52490021828632,-0.0452569386179853
0.408358799633418,0.575781324009097,-0.399245871081388,0.405185802733323,-0.109196483366136,-0.133440411829776,-0.237708725884567,-0.222992435192082,0.348333764461249,0.348333764461249,-0.201425441697484,0.438632463682764,0.204297104284768,0.0914057914304637,-0.040534793403465
0.408446426831318,-0.360178069158533,0.306709702084381,-0.235655028808296,-0.241627766487544,-0.133440411829776,-0.210549572560836,-0.222992435192082,-0.417846020098362,-0.417846020098362,-0.0961539550249086,-0.362077044756316,0.210846632457605,-0.0783067350847896,-0.040534793403465
0.408447037128411,-0.298801388078709,0.260426465639116,1.19271838510213,-0.194690096520463,-0.133440411829776,-0.16981084257524,-0.170106138960695,-0.559861037373713,-0.559861037373713,-0.509788190072788,-0.428925793430479,0.243840786150891,-0.012318306552501,-0.0352223800371297
0.408447037128411,-0.834768950609402,0.664600521520683,0.779837259942744,-0.0991384112303328,-0.133440411829776,-0.047594652618453,-0.0643335464979209,-0.868839656040355,-0.868839656040356,-0.932340346101865,-0.615631028731272,0.162725501338991,-0.174548997322019,-0.0245975533044592
0.399607750680868,1.67174215660597,-1.24039157853991,-0.624079691952326,-0.32209234357397,4.2091132107803,-0.264867879208297,-0.270002476286648,0.58151891628374,0.58151891628374,1.21470490510664,0.391044512927416,0.0360047013231739,0.385980311830096,0.544919365241621
0.408446829344978,0.254150302978385,-0.156555699176001,-0.209115809420065,-0.25000949326738,-0.133440411829776,-0.149441477582443,-0.158353628687053,-0.669662283712429,-0.669662283712429,-0.542205471677085,-0.636190517285594,0.248872405259429,0.00181595130243714,-0.0340418437334997
0.408446794468335,-0.733062205738166,0.587902884146002,1.18246415093699,0.0349692172470427,-0.133440411829776,-0.108702747596847,-0.111343587592487,-0.753839403881999,-0.753839403881999,-0.881928530208109,-0.30051110967425,0.196809742427441,-0.106380515145118,-0.0293196985189794
0.408425940775307,-0.0608382129601571,0.0809426393028436,0.194819369627211,-0.32209234357397,-0.133440411829776,-0.264867879208297,-0.270002476286648,0.58151891628374,0.58151891628374,1.21470490510664,0.391044512927416,0.205634454139967,0.0887310917200662,-0.0452569386179853
0.408447037114346,1.26154144032836,-0.916230730848463,0.0841924841654673,-0.221511622215938,-0.133440411829776,-0.217339360891769,-0.228868690328903,-0.360190350691702,-0.360190350691702,-0.122783896317575,-0.191601143885457,0.117781079157664,0.264437841684673,-0.0411250615552801
0.346637169492343,-0.770881436145436,0.512737604490223,1.48019240961882,-0.107520138010169,-0.133440411829776,-0.0747538059421836,-0.0702098016347416,-0.802628241593074,-0.802628241593075,-0.845121053881176,-0.683950263775744,0.207617939397478,-0.0847641212050442,-0.0251878214562742
0.408447037128411,1.23667394061489,-0.897478106745593,-0.966893331494132,-0.296947163234462,-0.133440411829776,-0.278447455870163,-0.28175498656029,1.45596323561808,1.45596323561808,1.04810133489439,1.68405997740231,0.152386485927644,0.195227028144712,-0.0464374749216154
0.408447024558125,-0.885001140091978,0.702480680464346,0.953161420788132,-0.286889091098658,-0.133440411829776,-0.230918937553634,-0.240621200602544,-0.213430464929295,-0.213430464929295,0.0636256927310952,-0.0452218072848663,0.19927323140373,-0.101453537192541,-0.0423055978589101
-0.00661028459946783,0.284700568679676,-0.87584650983651,0.287011942884711,-0.255038529335282,-0.133440411829776,-0.258078090877365,-0.258249966013006,0.58151891628374,0.58151891628374,0.548290624257639,0.506686075210093,0.114351967474099,0.271296065051803,-0.0440764023143553
0.408447037128376,2.84640596916171,-2.11137978353411,-2.78947266716011,-0.317063307506068,6.49150527904908,-0.278447455870163,-0.28175498656029,1.45596323561808,1.45596323561808,1.04810133489439,1.68405997740231,0.0153886406093631,0.396716297519906,0.853928139622824
0.408446619656111,-0.672570279719626,0.542285525995696,0.43276443304351,-0.310357926082199,-0.133440411829776,-0.258078090877365,-0.258249966013006,0.58151891628374,0.58151891628374,0.357886544015069,0.637970404766844,0.188978301590404,-0.122043396819192,-0.0440764023143553
0.408427742068746,0.325463464924913,-0.210365095260963,0.381579287997421,-0.0941093751624312,-0.133440411829776,-0.122282324258712,-0.123096097866129,-0.718936738110918,-0.718936738110918,-0.603409953414732,-0.787187231572933,0.219584082463139,0.0608318350737213,-0.0305002348226095
0.408447037103273,-1.12296421299408,0.881929061910841,0.458632955530277,-0.216482586148036,-0.133440411829776,-0.0815435942731162,-0.0819623119083832,-0.799705633573909,-0.799705633573909,-1.0301682744615,-0.0162865133014703,0.117214818043048,-0.265570363913905,-0.0263683577599043
-0.741494540509724,-1.23381776176533,-0.963487830101357,0.812833358369383,0.326653309185334,-0.133440411829776,0.386951800561236,0.364633078489996,-1.05227105251332,-1.05227105251332,-1.19973693390991,-1.18212826654394,0.134236204861937,0.231527590276126,0.0184920217780383
0.408418702957112,-0.479846539429247,0.39690539382291,-0.0960937772318025,-0.286889091098658,-0.133440411829776,-0.224129149222702,-0.234744945465723,-0.292925403050599,-0.292925403050599,0.351395495824981,-0.511557735159753,0.222021045430891,-0.0559579091382188,-0.0417153297070951
-3.16991455808621,0.244790173046734,1.78767843595201,-0.0493264620554005,0.0852595779260585,-0.133440411829776,0.237576457280718,0.229479210343118,-1.01793936401768,-1.01793936401768,-1.14353861989382,-0.999103452967373,-0.0280020002785669,-0.556004000557134,0.0049158542862925
0.408447037123543,0.31435334771564,-0.201954569666875,0.118484150438183,0.356827525592744,-0.133440411829776,0.0610419606764692,0.0825728319225985,-0.929051564075789,-0.929051564075788,-1.00670289826685,-0.941381434648196,0.232118474956691,0.0357630500866179,-0.00984084950908333
-0.0728437338033005,-0.575711239219185,-0.338114225908606,0.529804936596136,-0.231569694351741,-1.90531345645783,-0.203759784229904,-0.21123992491844,-0.417846020098362,-0.417846020098362,-0.535547986353919,0.174741980276363,0.180650075070976,0.100448729711251,-0.28016129721153
0.408407121306796,-0.277002151036105,0.243920665428082,0.715107791706068,0.0349692172470427,-0.133440411829776,0.156098997309526,0.141335383290806,-0.994630502147689,-0.994630502147689,-1.08819817603617,-1.17240251360648,0.202837038042305,-0.0943259239153906,-0.003938167990933
-2.02382545240988,-0.18765685643701,-0.460979881073553,0.679705500927203,0.0131767276194692,-0.133440411829776,-0.0543844409493856,-0.0584572913611001,-0.844376775603785,-0.844376775603786,-0.810697056572783,-0.888867217753807,0.182472761300669,0.135054477398662,-0.0240072851526441
0.408447031002844,0.192952151805339,-0.110405730395206,-0.536345314398839,-0.268449292183019,-0.133440411829776,-0.230918937553634,-0.222992435192082,0.0727513123073971,0.0727513123073974,-0.0373461680036016,0.0707070854459382,0.239109765169738,-0.0217804639088353,-0.040534793403465
0.408447037128411,1.31098501703328,-0.953516216610167,-1.52949121215377,-0.298623508590429,-0.133440411829776,-0.278447455870163,-0.28175498656029,1.45596323561808,1.45596323561808,1.04810133489439,1.68405997740231,0.163327331480193,0.173345337039614,-0.0464374749216154
0.408447037128411,0.0844707618598175,-0.0285997183628898,0.449120809669152,0.757474065668904,-0.133440411829776,0.386951800561236,0.388138099037279,-1.04819676331433,-1.04819676331433,-1.19440018588331,-1.0876871947074,0.247173675971151,0.00565264614324008,0.0208530943852984
0.408447037127126,-0.656162251500727,0.529912904145716,0.576148455297284,-0.323768688929937,-0.133440411829776,-0.27165766753923,-0.275878731423469,0.931296644017475,0.931296644017475,1.21470490510664,0.890082283733991,0.235267689358589,-0.0294646178482018,-0.0458472067698003
0.369320638710298,-0.873283292545863,0.628010238322616,0.548486527995587,-0.176250297604824,-0.133440411829776,-0.0340150759565877,-0.0467047810874585,-0.878130447528195,-0.878130447528195,-0.852326029773682,-0.915037222362271,0.15722007514612,-0.185559849707759,-0.0228267488490141
-3.41911149330401,0.713472811707471,2.55913736892811,0.23340917936841,-0.305328890014298,-0.133440411829776,-0.230918937553634,-0.240621200602544,-0.213430464929295,-0.213430464929295,0.669456857139276,-0.587860942197034,-0.0393618517096294,-0.578723703419259,-0.0423055978589101
-0.729693930043528,-1.48027719268457,-0.757836984056885,0.946707973405723,-0.189661060452561,-0.133440411829776,0.027093019021806,-0.00557099512971313,-0.944297191942504,-0.944297191942504,-1.15652037688082,-0.813706670347744,0.164294875060565,0.171410249878869,-0.0186948717863088
0.396651721041982,-1.21665003186213,0.9327912119733,-0.232560212884,-0.325445034285904,-0.133440411829776,-0.27165766753923,-0.275878731423469,0.931296644017475,0.931296644017475,0.54829062425764,1.39514626137745,0.119096208009041,-0.261807583981917,-0.0458472067698003
-0.21729224889379,-0.658452474220867,-0.518029387029198,-0.615056338809496,-0.33382676106574,-0.133440411829776,-0.27165766753923,-0.270002476286648,1.45596323561808,1.45596323561808,0.548290624257639,1.28600107976806,0.231224026271617,0.0375519474121004,-0.0452569386179853
-3.28914336491358,0.352551062004693,2.06894584859807,0.0279036015085739,-0.23827507577561,-0.133440411829776,-0.203759784229904,-0.205363669781619,-0.367877773279256,-0.367877773279257,-0.550194454064886,0.195091283096505,-0.0390499177836267,-0.578099835567253,-0.0387639889480199
0.40837737873012,-0.166693309693323,0.16068668666825,0.127468106575715,0.314918891693564,-0.133440411829776,0.339423282244707,0.270612996300863,-1.05338840237316,-1.05338840237316,-1.22483404684787,-0.80620952927302,0.19952639846926,-0.10094720306148,0.00904773134899774
0.40844703712841,0.185079167332017,-0.104468689058573,0.618882715953981,-0.216482586148036,-0.133440411829776,-0.217339360891769,-0.21123992491844,-0.158395507768393,-0.158395507768393,-0.0994826976864916,-0.206806156995476,0.217432544569379,0.0651349108612429,-0.039354257099835
0.408446598761563,0.369829017632483,-0.243789602609889,0.449248302795348,0.0819068872141241,-0.133440411829776,-0.0611742292803183,-0.0643335464979209,-0.834248076924237,-0.834248076924237,-0.822805424155776,-0.819276278542108,0.215420936471419,0.0691581270571617,-0.0245975533044592
0.164960441342295,-0.132801257956602,-0.27320005114336,1.01747182200299,-0.236598730419643,-0.133440411829776,-0.210549572560836,-0.21123992491844,-0.302534681285042,-0.302534681285042,-0.0869999127055542,-0.353636694216928,0.176788231869954,0.146423536260093,-0.039354257099835
0.4078538784683,0.214371306245165,-0.127552956912619,0.537000528698507,0.764179447092772,-0.133440411829776,0.63138418047481,0.670198345604676,-1.07579034270219,-1.07579034270219,-1.25660419443814,-1.23127685304307,0.246506843079199,0.00669102259833498,0.04918596567242
0.408038624997521,0.841290346975663,-0.600003768259734,-0.796416924466497,-0.308681580726232,-0.133440411829776,-0.244498514215499,-0.252373710876186,-0.00144396327248616,-0.00144396327248616,0.770428717873972,-0.276239602918471,0.154098345058787,0.191803309882427,-0.0434861341625402
0.408447036293884,-0.0278180207507314,0.0560774433166563,0.402905502969499,0.516080334409628,-0.133440411829776,0.325843705582842,0.358756823353175,-1.03000960490184,-1.03000960490184,-1.15517265734506,-1.15700054962381,0.231508551928233,-0.0369828961435348,0.0179017536262232
0.408063368731776,0.0311878397070687,0.0109374257471781,0.97382407952043,0.26965756708245,-0.133440411829776,0.11536026732393,0.153087893564448,-0.953729703594634,-0.953729703594634,-1.20805108498678,-0.210443214948965,0.241222576065157,0.0175548478696851,-0.00275763168730293
0.408447005740903,0.347328477079388,-0.226821223780589,0.676497342240718,-0.132665318349677,-0.133440411829776,-0.203759784229904,-0.21123992491844,-0.417846020098362,-0.417846020098362,-0.616103558764237,0.32415865435886,0.208036155309255,0.0839276893814895,-0.039354257099835
0.408447037128411,-0.835465227995695,0.665125585488935,-0.15053703345903,-0.298623508590429,-0.133440411829776,-0.251288302546432,-0.258249966013006,0.14429675661657,0.14429675661657,0.691093684439567,0.0724631552011417,0.191611032937306,-0.116777934125388,-0.0440764023143553
0.406820105705926,0.92609344349954,-0.665997978384808,-0.507430609279842,-0.199719132588364,-0.133440411829776,-0.156231265913375,-0.170106138960695,-0.667687254193887,-0.667687254193887,-0.273908813153462,-0.930103555544302,0.175096260948167,0.149807478103666,-0.0352223800371297
0.408447037128411,-0.104737222881125,0.114082346642761,0.985367418019095,2.08011055152702,-0.133440411829776,0.611014815482013,0.717208386699242,-1.06701889834193,-1.06701889834193,-1.29352857771174,-0.797749606168749,0.194586868521511,0.110826262956977,0.0539081108869402
0.407088284753729,-0.26210878024273,0.230477218208221,0.758830671981965,0.194222026063926,-0.133440411829776,0.196837727295122,0.205974189795835,-1.00031556882088,-1.00031556882088,-1.13498524738515,-0.897265170479465,0.21309570868785,-0.0738085826242994,0.00255478167903237
0.408444683631698,-0.544157411575896,0.445445914773993,1.08346078706614,0.313242546337597,-0.133440411829776,-0.0340150759565877,-0.0231997605401755,-0.851224468471754,-0.851224468471754,-0.948780728317616,-0.631025637201622,0.219360560122471,-0.0612788797550576,-0.0204656762417539
0.404430133608881,-0.348331452835517,0.291038869841383,0.4277966881994,-0.248333147911413,-0.133440411829776,-0.115492535927779,-0.128972353002949,-0.764847734119925,-0.764847734119925,-0.705406327168605,-0.647888055355183,0.205176691217864,-0.0896466175642723,-0.0310905029744245
0.408447037099101,1.19220005868933,-0.863940276345133,-1.90367167250329,-0.258391220047216,-0.133440411829776,-0.224129149222702,-0.228868690328903,-0.213430464929295,-0.213430464929296,0.0787714718412996,-0.257161122742943,0.186630914545158,0.126738170909685,-0.0411250615552801
0.408447037098068,-0.844102542357725,0.671638998975866,1.21454523627633,-0.0119684527200386,-0.133440411829776,-0.0679640176112509,-0.087838567045204,-0.8499243896518,-0.8499243896518,-0.856830395714275,-0.682074627130206,0.184182929751124,-0.131634140497751,-0.0269586259117193
0.408447037128411,-0.00778578058284751,0.0409710981331674,0.747262894186391,0.356827525592744,-0.133440411829776,0.21720709228792,0.235355465479939,-1.00419590203068,-1.00419590203068,-1.12758414038457,-0.98317660171323,0.244542066258302,-0.0109158674833961,0.00550612243810753
0.406486110145313,-0.342595910283811,0.290162560758227,0.656538142890677,0.837938642755329,-0.133440411829776,0.0338828073527387,0.0825728319225985,-0.888975204392781,-0.888975204392781,-0.97137194117838,-0.926036294287647,0.245670927869016,-0.00865814426196759,-0.00984084950908333
0.408447028757408,0.233666050294399,-0.141108154669164,0.605366214606845,-0.327121379641871,2.95936451986539,-0.264867879208297,-0.270002476286648,0.58151891628374,0.58151891628374,1.21470490510664,0.391044512927416,0.131161291698,0.17382314083039,0.375071822238978
-3.58193610658525,-0.385249634390161,2.0037250214987,0.613986351654737,1.37939819273273,-0.133440411829776,1.3782608968774,1.51050283017005,-1.11460842219786,-1.11460842219786,-1.33896976365861,-1.19124071695386,-0.0334138043719641,-0.566827608743952,0.13359431138197
0.408204671797268,-0.484475282707083,0.400036902616383,0.810877561998553,-0.18463202438466,-0.133440411829776,-0.176600630906173,-0.187734904371157,-0.584406842828712,-0.584406842828712,-0.264611006251665,-0.700259313292116,0.227276118980378,-0.0454477620392444,-0.0369931844925748
0.338867895620832,0.155882137107928,-0.199169245545363,0.463460576980767,0.529491097257365,-0.133440411829776,0.712861640446002,0.69957962128878,-1.08755467041885,-1.08755467041885,-1.28175576102392,-1.06467167607731,0.246081039850874,-0.00750451849061304,0.0521373064314952
-1.7995015940135,-0.0842069417624298,-0.759268420294626,1.29727789953973,-0.256714874691249,-1.90531345645783,-0.230918937553634,-0.234744945465723,-0.118036539183731,-0.118036539183731,0.285763786347428,-0.29687799353692,0.0871129258080207,0.323322284507051,-0.28252236981879
0.406334679883078,-0.493033836005396,0.403354035670169,0.255157097579103,-0.261743910759151,-0.133440411829776,-0.0543844409493856,-0.0702098016347416,-0.860132529105305,-0.860132529105305,-0.886172547840108,-0.697027419679065,0.173945583446804,-0.152108833106393,-0.0251878214562742
-0.37500579237063,-1.03321354647464,-0.499983798427826,0.541987105328989,-0.288565436454626,-0.133440411829776,-0.115492535927779,-0.13484860813977,-0.778727802680787,-0.778727802680787,-0.44705891060016,-1.07610534256834,0.176504143791285,0.146991712417429,-0.0316807711262396
0.408447033656485,0.45926004780698,-0.311228965939939,0.17099686323537,-0.295270817878494,-0.133440411829776,-0.244498514215499,-0.252373710876186,-0.00144396327248616,-0.00144396327248616,-0.578266850510906,-0.831460648808787,0.244749493086936,-0.0104862685444391,-0.0434861341625402
-0.562231813840902,0.611822229980512,-2.05457725943097,0.303326669677284,-0.151105117265316,-0.133440411829776,-0.0951231709349815,-0.087838567045204,-0.761176232113503,-0.761176232113502,-0.673345343305374,-0.868154538043347,-0.0150248715665917,0.530049743133183,-0.0269586259117193
0.408447037128411,1.15700063459322,-0.837396330363035,-0.689286361766347,-0.236598730419643,-0.133440411829776,-0.230918937553634,-0.222992435192082,0.0727513123073971,0.0727513123073971,-0.0979292844444195,0.115943346625402,0.171170177353732,0.157659645292535,-0.040534793403465
0.0368703919243114,-0.254339854152152,-0.39641694663472,0.419337545146333,1.12291735326975,-0.133440411829776,0.902975713712116,0.893496040803865,-1.09975890660704,-1.09975890660704,-1.31000792268468,-1.05520979577735,0.209287527351386,0.0814249439902077,0.0716161554413912
0.408431176358765,-1.63582644360353,1.26865274127158,-0.0788235557388275,-0.313710616794134,-0.133440411829776,-0.196969995898971,-0.21123992491844,-0.511536482884184,-0.511536482884184,-0.189525186682323,-0.474640956510408,0.0816373503305025,-0.336725299338995,-0.039354257099835
-3.66070602689053,0.283971947429869,2.64052165775976,0.773895064611737,0.420528649119497,-0.133440411829776,0.0474623840146039,0.00618151514392842,-0.961618117835681,-0.961618117835682,-1.15468433098884,-0.227570874478711,-0.0821617541632902,-0.66432350832658,-0.0175143354826788
0.0544837133861624,0.739272522592858,-1.11615562677495,-0.0634817522516918,-0.32209234357397,-0.133440411829776,-0.27165766753923,-0.275878731423469,0.931296644017475,0.931296644017475,0.54829062425764,1.39514626137745,0.103491865530674,0.293016268938653,-0.0458472067698003
-1.5407160457669,2.3187596270913,0.618703456002848,-2.54384654133895,-0.313710616794134,-0.133440411829776,-0.27165766753923,-0.275878731423469,0.931296644017475,0.931296644017475,0.54829062425764,1.39514626137745,0.0862002895515867,-0.327599420896827,-0.0458472067698003
0.37692157076502,-2.73438637137551,2.04422171689311,-0.0486954428396254,-0.320415998218002,2.71728151288191,-0.264867879208297,-0.264126221149827,0.931296644017475,0.931296644017475,0.881497764682139,0.583104912943941,-0.0114952326003538,-0.523588900166283,0.342761712708674
0.406877985525164,-0.23347735237741,0.208533435303634,1.01027561274183,-0.244980457199479,-0.133440411829776,-0.176600630906173,-0.187734904371157,-0.584406842828712,-0.584406842828712,-0.35401643092697,-0.594116122818886,0.248113096454085,0.00358083757808726,-0.0369931844925748
0.408447037128411,-0.45312426069098,0.37680160790423,1.27337816370704,-0.25000949326738,-0.133440411829776,-0.237708725884567,-0.246497455739365,-0.118036539183731,-0.118036539183731,0.742661456171931,-0.467045352191602,0.211824908802914,0.0763501823941728,-0.0428958660107252
0.404201374949067,0.216044472188514,-0.134941720417181,0.22728514098763,-0.253362183979315,-0.133440411829776,-0.135861900920577,-0.158353628687053,-0.747636449104455,-0.747636449104455,-0.657049988060549,-0.559415230005513,0.240750967164895,0.0184980653986924,-0.0340418437334997
-2.35960599801583,-0.402050283791318,-0.0593869202226869,0.596881232272904,-0.199719132588364,-0.133440411829776,-0.149441477582443,-0.164229883823874,-0.690400093657117,-0.690400093657117,-0.50833913329402,-0.672442663729592,0.230442933273061,0.0391141334538776,-0.0346321118853147
0.347250586979876,-0.139706621744193,0.0377965967832431,1.62090310630374,-0.288565436454626,-0.133440411829776,-0.264867879208297,-0.258249966013006,1.28107437175121,1.28107437175121,0.21508348383314,1.19183660935995,0.243717668035086,0.0125586151495002,-0.0440764023143553
0.407754676367465,0.873781579160722,-0.624981782099567,0.253093763501287,-0.221511622215938,-0.133440411829776,-0.237708725884567,-0.234744945465723,0.115148612638759,0.115148612638759,-0.256959965101567,0.542605158748408,0.174466653550555,0.15106669289889,-0.0417153297070951
-3.57251080150902,1.36788210878117,3.30995384418409,-1.53778123165781,-0.313710616794134,-0.133440411829776,-0.251288302546432,-0.258249966013006,0.14429675661657,0.14429675661657,0.691093684439567,0.0724631552011417,-0.205017919977744,-0.910035839955489,-0.0440764023143553
0.408447037128411,1.21246610080818,-0.879222933330597,-0.429014824246465,-0.290241781810593,-0.133440411829776,-0.210549572560836,-0.228868690328903,-0.475501689505021,-0.475501689505021,-0.251772674453933,-1.23724562015693,0.159397607753479,0.181204784493042,-0.0411250615552801
0.385847020278194,-0.915451541442978,0.687532172823217,1.18882080694885,-0.30365254465833,-0.429797577903311,-0.244498514215499,-0.252373710876186,-0.00144396327248616,-0.00144396327248616,0.691093684439568,-0.210151026922995,0.235561190045861,-0.0286429122700419,-0.0837626608552518
-0.527321218363288,-1.29536293574045,-0.557803602157734,-1.12003370068166,-0.0907566844504968,-0.133440411829776,0.529537355510821,0.523291967184157,-1.06947111806122,-1.06947111806122,-1.31698493652289,-0.407668844135422,0.225539585340419,-0.0489208293191619,0.0344292618770442
0.407052627107817,-3.83641661234762,2.92580905438886,0.0398117823210661,-0.325445034285904,-0.133440411829776,-0.27165766753923,-0.275878731423469,0.931296644017475,0.931296644017475,0.54829062425764,1.39514626137745,-0.136379702252093,-0.772759404504187,-0.0458472067698003
-2.41640496210701,-1.12270621242772,-0.507555280123684,1.73358294959095,-0.216482586148036,-0.133440411829776,-0.244498514215499,-0.240621200602544,0.290037476505627,0.290037476505627,-0.260926716773287,0.799797529677099,0.147589273983918,0.204821452032164,-0.0423055978589101
0.361397979568125,0.717312848448423,-0.58475118854241,-0.22858367125712,-0.0488480505513169,-0.133440411829776,-0.0679640176112509,-0.0643335464979209,-0.814652686014784,-0.814652686014784,-0.800829195642931,-0.796567129946973,0.197767321004845,0.10446535799031,-0.0245975533044592
0.408447037126275,-0.0266992049800603,0.0552337438261559,0.885529114636232,-0.194690096520463,-0.133440411829776,-0.203759784229904,-0.21123992491844,-0.417846020098362,-0.417846020098362,-0.0668610196029747,-0.514284970102309,0.217489268227683,0.0650214635446343,-0.039354257099835
0.383308764541381,-0.358716873353967,0.263439716780794,0.598623012956921,-0.258391220047216,-0.133440411829776,-0.237708725884567,-0.246497455739365,-0.118036539183731,-0.118036539183731,0.38168705404539,-0.174488316158507,0.238583675554545,0.0228326338636009,-0.0428958660107252
-2.41224716173785,-0.070199360858947,0.279167282391952,0.895158634566446,-0.318739652862035,-0.133440411829776,-0.244498514215499,-0.252373710876186,-0.00144396327248616,-0.00144396327248616,0.611758651005163,-0.126843641341742,0.224474518551714,0.0510509628965648,-0.0434861341625402
0.402955621257028,0.329718578851376,-0.222753294028438,0.366737763631846,-0.218158931504004,-0.133440411829776,-0.135861900920577,-0.13484860813977,-0.677680903557708,-0.677680903557708,-0.704857969077977,-0.439595749901391,0.228080797596595,0.0438384048068097,-0.0316807711262396
0.375836742259243,1.49489124398786,-1.14690355407518,-0.690029519096916,-0.129312627637742,-0.133440411829776,-0.224129149222702,-0.217116180055261,-0.0544405886866884,-0.0544405886866887,-0.102977877481154,-0.0464614590571665,0.120751810712485,0.25849637857503,-0.03994452525165
0.396014794995803,0.890859569994395,-0.657553819480441,0.0108949153543273,-0.199719132588364,-0.133440411829776,-0.176600630906173,-0.175982394097516,-0.523042329191214,-0.523042329191214,-0.23366297463329,-0.763735257760214,0.161392272951968,0.177215454096064,-0.0358126481889448
-1.42108510442243,0.120086378079245,-1.23999911998223,0.395558892825932,-0.18463202438466,-0.133440411829776,-0.163021054244308,-0.175982394097516,-0.642703130784334,-0.642703130784334,-0.458846747551749,-0.611663701445576,0.0775752246367212,0.344849550726558,-0.0358126481889448
-3.68031624212339,-0.0068806473138523,2.45408509437829,1.20966733111431,0.370238288440482,-0.133440411829776,-0.0951231709349815,-0.105467332455666,-0.795025689636122,-0.795025689636122,-1.02767907661552,-0.474822605759245,-0.0433122140941729,-0.586624428188346,-0.0287294303671644
0.392010690320648,1.17685688367222,-0.879941715511764,-0.114320090230125,0.204280098199729,-0.133440411829776,-0.101912959265914,-0.0937148221820248,-0.745224188913188,-0.745224188913188,-0.736936917379715,-0.692926694923205,0.138926765511544,0.222146468976913,-0.0275488940635343
-1.94628919077982,0.561144743099839,-0.0263733641397263,0.917666936106231,-0.29191812716656,-0.133440411829776,-0.27165766753923,-0.275878731423469,0.931296644017475,0.931296644017475,0.54829062425764,1.39514626137745,0.214627528212798,0.0707449435744043,-0.0458472067698003
-0.941621622030144,1.10211702852551,-1.30374175810866,-1.45953456605751,-0.206424514012233,-0.133440411829776,-0.27165766753923,-0.275878731423469,0.931296644017475,0.931296644017475,0.54829062425764,1.39514626137745,0.118231531749386,0.263536936501227,-0.0458472067698003
-2.92565473255741,1.4524903423066,2.28866458253571,-0.382345641964307,-0.186308369740627,-0.133440411829776,-0.278447455870163,-0.28175498656029,1.45596323561808,1.45596323561808,1.88111918595564,1.1784609743588,-0.00328220959214248,-0.506564419184285,-0.0464374749216154
0.408447037128411,0.299766157016418,-0.190954344195465,0.914610585220061,0.130520902537173,-0.133440411829776,-0.183390419237106,-0.193611159507978,-0.550114908737169,-0.550114908737169,-0.658768575613463,0.0616701625167669,0.192036491784349,0.115927016431303,-0.0375834526443899
0.40844663009382,-0.270761747264347,0.239281041733366,0.439376459060086,0.0399982533149444,-0.133440411829776,0.11536026732393,0.135459128153985,-0.96205334069036,-0.96205334069036,-1.00752769746532,-1.11095053219456,0.20092334877386,-0.0981533024522808,-0.00452843614274803
0.408079622011862,0.609621894530227,-0.425233419965538,0.190675032824515,-0.164515880113053,-1.90531345645783,-0.237708725884567,-0.234744945465723,0.115148612638759,0.115148612638759,0.0207126519188488,0.149534172061182,0.172491166065648,0.125061436762188,-0.28252236981879
-0.656651685076375,0.42393201384485,-2.07127700752988,-0.309147638256368,-0.136018009061611,-0.133440411829776,-0.0340150759565877,-0.0408285259506378,-0.871403952764085,-0.871403952764085,-0.957549337276155,-0.605589491906547,0.0136479542165051,0.47270409156699,-0.022236480697199
0.408447037128411,0.101728009184838,-0.0416134380957985,0.642831055822516,-0.107520138010169,-0.133440411829776,-0.0679640176112509,-0.087838567045204,-0.8499243896518,-0.8499243896518,-0.768246679237785,-0.863973268650231,0.241289192324171,0.0174216153515999,-0.0269586259117193
-3.65576284093782,0.278654521150451,2.62821964863926,0.0994037590598698,0.420528649119497,-0.133440411829776,0.400531377223101,0.376385588763637,-1.05471726152969,-1.05471726152969,-1.18225153861545,-1.18218280657442,-0.128474845628204,-0.756949691256409,0.0196725580816683
0.407916911668219,0.892098665506623,-0.638522580686373,0.298334280488655,0.177458572504254,-0.133440411829776,-0.0272252876256551,-0.0408285259506378,-0.885841307379736,-0.885841307379736,-0.848928810730645,-0.96936611897804,0.165715897697218,0.168568204605563,-0.022236480697199
0.408447037128411,-0.367970549802145,0.312587048835022,-0.397798355470584,0.00144231012769886,-0.133440411829776,0.448059895539629,0.629064559646931,-1.03158377402639,-1.03158377402639,-1.28608742708232,-0.574795537806105,0.13963438336771,-0.220731233264579,0.0450540886097147
0.405722665526708,-0.0603016930274965,0.0760033403323544,0.303633563716798,1.98791155694882,-0.133440411829776,1.65664221844564,1.72792427023242,-1.123874438335,-1.123874438335,-1.36269960973001,-1.08546884889494,0.225785631575662,-0.0399765034785224,0.155434232999126
0.40119647163956,-0.305804523352991,0.253544814500128,0.61845731458089,2.75903042069373,-0.133440411829776,2.30846189821517,2.56235249966097,-1.13280361982683,-1.13280361982683,-1.37641779706531,-1.27842905324252,0.203718684493813,-0.0560983034984682,0.239252310556861
0.408447037128411,0.524245550564222,-0.360234638927583,-0.434642969201234,-0.258391220047216,-0.133440411829776,-0.149441477582443,-0.164229883823874,-0.690400093657117,-0.690400093657117,-0.94483860578687,0.326357964346407,0.241770013492727,0.0164599703792,-0.0346321118853147
0.398471834482164,0.217070221530509,-0.14532646788342,0.167084650974102,-0.0639351587550217,-0.133440411829776,-0.115492535927779,-0.128972353002949,-0.764847734119925,-0.764847734119925,-0.780672897349963,-0.486828854229865,0.238931133677458,0.0221377326448644,-0.0310905029744245
0.400937322721316,0.0538000809705869,-0.0180683517340875,0.0313321185142927,-0.0739932308908248,-0.133440411829776,0.0338828073527387,0.0238102805543907,-0.931805130237728,-0.931805130237728,-0.915610746250199,-1.08232804124978,0.224588003368427,-0.0508239932631451,-0.0157435310272337
0.402962557348063,0.156201218778918,-0.0918919207293903,0.670850136790663,0.574752421868479,-0.133440411829776,0.0610419606764692,0.141335383290806,-0.892387232028227,-0.892387232028227,-0.989239211661794,-0.975087821888526,0.21920614693455,0.061587706130899,-0.003938167990933
0.408447037128411,-0.725731219383829,0.582374981852804,0.933731872050978,-0.0572297773311529,-0.133440411829776,-0.0340150759565877,-0.034952270813817,-0.864677457999974,-0.864677457999974,-0.85873385939723,-0.891416433654848,0.180905245188395,-0.138189509623211,-0.021646212545384
0.408447037128309,0.17820989351815,-0.0992885579231888,0.666343688474617,1.26708305388293,-0.133440411829776,0.563486297165484,0.629064559646931,-1.06537990758069,-1.06537990758069,-1.28305828249885,-1.02585267842582,0.217484859718895,0.0650302805622095,0.0450540886097147
0.408447037128411,-0.236296296272117,0.213291268968938,0.496362947141759,1.88062545416692,-0.133440411829776,2.0436601533088,1.97472698597889,-1.13335012433695,-1.13335012433695,-1.3612184099272,-1.69542577274905,0.186486045579597,-0.125686188596958,0.180225495375357
0.408447037127365,-0.0495147442046324,0.0724389809919269,0.398444573240469,2.15554609254554,-0.133440411829776,2.38993935818636,2.47420867260865,-1.13586543120672,-1.13586543120672,-1.373635325088,-1.39531840648114,0.195175922867464,-0.0925408721837281,0.230398288279635
0.408444447317667,0.350551878270517,-0.229256287854719,0.234884275106899,3.68940209325553,-0.133440411829776,2.73621856306393,2.80327896027062,-1.13970274008577,-1.13970274008577,-1.37698704942876,-1.58975989841632,0.187575836393254,0.0924240934105248,0.263453304781277
0.408447037099101,-0.107705251782797,0.116320542266291,0.535934738681909,7.50644046879283,-0.133440411829776,7.5569682780261,7.34562418103307,-1.15718031831192,-1.15718031831192,-1.42268076173536,-1.54041609432048,0.0575642422853422,-0.0480345273696666,0.719730586134297
